-- phpMyAdmin SQL Dump
-- version 4.7.4
-- https://www.phpmyadmin.net/
--
-- Host: localhost
-- Generation Time: 27 Feb 2019 pada 15.34
-- Versi Server: 10.1.28-MariaDB
-- PHP Version: 7.1.10

SET SQL_MODE = "NO_AUTO_VALUE_ON_ZERO";
SET AUTOCOMMIT = 0;
START TRANSACTION;
SET time_zone = "+00:00";


/*!40101 SET @OLD_CHARACTER_SET_CLIENT=@@CHARACTER_SET_CLIENT */;
/*!40101 SET @OLD_CHARACTER_SET_RESULTS=@@CHARACTER_SET_RESULTS */;
/*!40101 SET @OLD_COLLATION_CONNECTION=@@COLLATION_CONNECTION */;
/*!40101 SET NAMES utf8mb4 */;

--
-- Database: `infrastruktur`
--

-- --------------------------------------------------------

--
-- Struktur dari tabel `inf_desa`
--

CREATE TABLE `inf_desa` (
  `did` int(2) NOT NULL,
  `kid` int(2) DEFAULT NULL,
  `kel` binary(1) DEFAULT '0',
  `nama` varchar(30) DEFAULT NULL,
  `kantor` varchar(100) DEFAULT NULL,
  `telp_kantor` varchar(15) DEFAULT NULL
) ENGINE=InnoDB DEFAULT CHARSET=utf8;

--
-- Dumping data untuk tabel `inf_desa`
--

INSERT INTO `inf_desa` (`did`, `kid`, `kel`, `nama`, `kantor`, `telp_kantor`) VALUES
(1, 1, 0x30, 'Jatisuko', 'Dolongan RT 21/07, Jatisuko, Jatipuro', NULL),
(2, 1, 0x30, 'Jatiroyo', 'Sambirejo RT 01/1, Jatiroyo, Jatipuro', NULL),
(3, 1, 0x30, 'Jatiharjo', 'Mawang RT 09/21, Jatiharjo, Jatipuro', NULL),
(4, 1, 0x30, 'Jatipuro', 'Sangeni RT 03/02, Jatipuro', NULL),
(5, 1, 0x30, 'Jatimulyo', 'Winong RT 17/08, Jatimulyo, Jatipuro', NULL),
(6, 1, 0x30, 'Jatipurwo', 'Munggal RT 24/8, Jatipurwo, Jatipuro', NULL),
(7, 1, 0x30, 'Jatisobo', 'Mlokolegi RT 29/10, Jatisobo, Jatipuro', NULL),
(8, 1, 0x30, 'Jatikuwung', 'Ngluwak, Jatikuwung, Jatipuro', NULL),
(9, 1, 0x30, 'Jatiwarno', 'Wates RT 20/09, Jatiwarno, Jatipuro', NULL),
(10, 1, 0x30, 'Ngepungsari', 'Kepuh RT 13/5, Ngepungsari, Jatipuro', NULL),
(11, 2, 0x30, 'Tlobo', 'Duwetan RT 16/08, Tlobo, Jatiyoso', NULL),
(12, 2, 0x30, 'Karangsari', 'Dusun Kangsi RT 02/02, Karangsari, Jatiyoso', NULL),
(13, 2, 0x30, 'Beruk', 'Beruk Wetan RT 04/04 Beruk, Jatiyoso', NULL),
(14, 2, 0x30, 'Jatiyoso', 'Plamar RT 1/15, Jatiyoso', NULL),
(15, 2, 0x30, 'Wukirsawit', 'Swadine RT 01/05 Wukirsawit, Jatiyoso', NULL),
(16, 2, 0x30, 'Jatisawit', 'Wates RT 14/04, Jatisawit, Jatiyoso', NULL),
(17, 2, 0x30, 'Wonorejo', 'Dusun Pitran RT 01/09, Wonorejo, Jatiyoso', NULL),
(18, 2, 0x30, 'Petung', 'Petung, Jatiyoso', NULL),
(19, 2, 0x30, 'Wonokeling', 'Wonokeling, Jatiyoso', NULL),
(20, 3, 0x30, 'Karangbangun', 'Joho, RT 02/03, Karangbangun, Jumapolo', NULL),
(21, 3, 0x30, 'Kedawung', 'Dawung RT 15/7, Kedawung, Jumapolo', NULL),
(22, 3, 0x30, 'Lemahbang', 'Ngasem RT 03/08, Jumapolo', NULL),
(23, 3, 0x30, 'Ploso', 'Plosowetan, RT 03/03, Ploso, Jumapolo', NULL),
(24, 3, 0x30, 'Bakalan', 'Pulegede, Bakalan, Jumapolo', NULL),
(25, 3, 0x30, 'Giriwondo', 'Sedran RT 04/08 Giriwondo, Jumapolo', NULL),
(26, 3, 0x30, 'Jumantoro', 'Banjaran, Jumantoro, Jumapolo', NULL),
(27, 3, 0x30, 'Paseban', 'Paseban Kidul RT 02/06 Paseban, Jumapolo', NULL),
(28, 3, 0x30, 'Kadipiro', 'Tegan RT 01/03, Kadipiro, Jumapolo', NULL),
(29, 3, 0x30, 'Jumapolo', 'Jumapolo RT 01/01, Jumapolo', NULL),
(30, 3, 0x30, 'Jatirejo', 'Pencil RT 4/III, Jatirejo, Jumapolo', NULL),
(31, 3, 0x30, 'Kwangsan', 'Jumapuro RT 01/IX, Kwangsan, Jumapolo', NULL),
(32, 4, 0x30, 'Sukosari', 'Soko RT 02/01, Sukosari, Jumantono', NULL),
(33, 4, 0x30, 'Gemantar', 'Kayen, Gemantar, Jumantono', NULL),
(34, 4, 0x30, 'Sedayu', 'Jatisari RT 1/5, Sedayu, Jumantono', NULL),
(35, 4, 0x30, 'Ngunut', 'Ngunut RT 01/IV, Jumantono', NULL),
(36, 4, 0x30, 'Tunggulrejo', 'Tulakan Wetan RT 1/15,Tunggulrejo, Jumantono', NULL),
(37, 4, 0x30, 'Genengan', 'Tugu RT 02/06, Genengan, Jumantono', NULL),
(38, 4, 0x30, 'Sringin', 'Ngasem, Sringin, Jumantono', NULL),
(39, 4, 0x30, 'Tugu', 'Bulakrejo RT 01/03 Tugu, Jumantono', NULL),
(40, 4, 0x30, 'Sambirejo', 'Sambirejo, Jumantono', NULL),
(41, 4, 0x30, 'Kebak', 'Kopenan RT 02/05, Kebak, Jumantono', NULL),
(42, 4, 0x30, 'Blorong', 'Ngaglik RT 02/17 Blorong, Jumantono', NULL),
(43, 5, 0x30, 'Pablengan', 'Sawahan Pablengan, Matesih', NULL),
(44, 5, 0x30, 'Matesih', 'Sawahan RT 02/06, Matesih', NULL),
(45, 5, 0x30, 'Karangbangun', 'Mutihan RT 03/10, Matesih', NULL),
(46, 5, 0x30, 'Ngadiluwih', 'Ngadiluwih RT 1/03, Matesih', NULL),
(47, 5, 0x30, 'Girilayu', 'Tompe, Girilayu, Matesih', NULL),
(48, 5, 0x30, 'Koripan', 'Koripan RT 01/01, Matesih', NULL),
(49, 5, 0x30, 'Plosorejo', 'Jlokowetan RT 02/15, Plosorejo, Matesih', NULL),
(50, 5, 0x30, 'Gantiwarno', 'Gagan RT 02/03, Gantiwarno, Matesih', NULL),
(51, 5, 0x30, 'Dawung', 'Dawung, Matesih', NULL),
(52, 6, 0x30, 'Bandardawung', 'Gondang RT 3/V, Bandardawung, Tawangmangu', NULL),
(53, 6, 0x30, 'Nglebak', 'Krangean RT 02/01, Nglebak, Tawangmangu', NULL),
(54, 6, 0x30, 'Sepanjang', 'Margosanten RT 03/02,Sepanjang, Tawangmangu', NULL),
(55, 6, 0x30, 'Tengklik', 'Sodong RT 02/09, Tengklik, Tawangmangu', NULL),
(56, 6, 0x30, 'Karanglo', 'Blimbing RT 02/09, Karanglo, Tawangmangu', NULL),
(57, 6, 0x30, 'Gondosuli', 'Tlogodlingo, RT 02/07,Gondosuli, Tawangmangu', NULL),
(58, 6, 0x30, 'Plumbon', 'Cumpleng RT 01/II, Plumbon, Tawangmangu', NULL),
(59, 6, 0x30, 'Tawangsari', 'Betis, Tawangmangu, Kerjo', NULL),
(60, 6, 0x31, 'Blumbang', 'Jl. Lawu No. 18, Tawangmangu, Kodepos 57792', NULL),
(61, 6, 0x31, 'Kalisoro', 'Kalisoro, Tawangmangu', NULL),
(62, 6, 0x31, 'Tawangmangu', 'Tawangmangu', NULL),
(63, 7, 0x30, 'Kemuning', 'Kedungringin RT 04/02, Kemuning, Ngargoyoso', NULL),
(64, 7, 0x30, 'Jatirejo', 'Jatirejo RT 04/02, Jatirejo, Ngargoyoso', NULL),
(65, 7, 0x30, 'Girimulyo', 'Munggur RT 04/02, Girimulyo, Ngargoyoso', NULL),
(66, 7, 0x30, 'Segorogunung', 'Agkdok RT 02/05, Segorogunung, Ngargoyoso', NULL),
(67, 7, 0x30, 'Nglegok', 'Dederan RT 02/05, Nglegok, Ngargoyoso', NULL),
(68, 7, 0x30, 'Ngargoyoso', 'Dk.Ngargoyoso RT 03/01, Ngargoyoso', NULL),
(69, 7, 0x30, 'Puntukrejo', 'Kasihan RT 02/07, Puntukrejo, Ngargoyoso', NULL),
(70, 7, 0x30, 'Berjo', 'Berjo, Ngargoyoso', NULL),
(71, 7, 0x30, 'Dukuh', 'Dukuh, Ngargoyoso', NULL),
(72, 8, 0x30, 'Dayu', 'Kapingan RT 01/IX, Dayu, Karangpandan', NULL),
(73, 8, 0x30, 'Gerdu', 'Rotonongo, Gerdu, Karangpandan', NULL),
(74, 8, 0x30, 'Doplang', 'Suwono RT 01/08, Doplang, Karangpandan', NULL),
(75, 8, 0x30, 'Salam', 'Ngelo RT 01/01, Salam, Karangpandan', NULL),
(76, 8, 0x30, 'Karang', 'Karang, Karangpandan', NULL),
(77, 8, 0x30, 'Desaharjosari', 'Bakalan RT 03/03, Harjosari, Karangpandan', NULL),
(78, 8, 0x30, 'Gondangmanis', 'Geneng RT 07/05, Gondangmanis, Karangpandan', NULL),
(79, 8, 0x30, 'Bangsri', 'Bangsri RT 02/01, Karangpandan', NULL),
(80, 8, 0x30, 'Ngemplak', 'Gemawang RT 02/02, Ngemplak, Karangpandan', NULL),
(81, 8, 0x30, 'Karangpandan', 'Karangpandan, Karangpandan', NULL),
(82, 8, 0x30, 'Tohkuning', 'Tohkuning, Karangpandan', NULL),
(83, 9, 0x31, 'Jungke', 'Jungke, Karanganyar', NULL),
(84, 9, 0x31, 'Cangakan', 'Komplek Perkantoran Cangakan, Karanganyar', NULL),
(85, 9, 0x31, 'Karanganyar', 'Jl. Hayam Wuruk No. 01, Karanganyar', NULL),
(86, 9, 0x31, 'Bejen', 'Bejen, Karanganyar', NULL),
(87, 9, 0x31, 'Tegalgede', 'Tegalgede, Karanganyar', NULL),
(88, 9, 0x31, 'Lalung', 'Lalung, Karanganyar', NULL),
(89, 9, 0x31, 'Gedong', 'Gedong, Karanganyar', NULL),
(90, 9, 0x31, 'Delingan', 'Delingan, Karanganyar', NULL),
(91, 9, 0x31, 'Popongan', 'Jl. Derpoyudo, Ngarjosari, Popongan, Karanganyar', NULL),
(92, 9, 0x31, 'Gayamdompo', 'Gayamdompo, Karanganyar', NULL),
(93, 9, 0x31, 'Bolong', 'Bolong, Karanganyar', NULL),
(94, 9, 0x31, 'Jantiharjo', 'Jantiharjo, Karanganyar', NULL),
(95, 10, 0x30, 'Karangmojo', 'Karangmojo RT 03/I, Tasikmadu', NULL),
(96, 10, 0x30, 'Wonolopo', 'Ngemplak, RT 01/05, Tasikmadu', NULL),
(97, 10, 0x30, 'Kalijirak', 'Gn Watu, Kalijirak, Tasikmadu', NULL),
(98, 10, 0x30, 'Kaling', 'Kaling RT 05/01, Kaling, Tasikmadu', NULL),
(99, 10, 0x30, 'Pandeyan', 'Suruhkalong RT 02/7 Pandeyan, Tasikmadu', NULL),
(100, 10, 0x30, 'Buran', 'Nglinggo, Buran, Tasikmadu', NULL),
(101, 10, 0x30, 'Papahan', 'Kalongan RT 04/15, Tasikmadu', NULL),
(102, 10, 0x30, 'Gaum', 'Dawan, Gaum, Tasikmadu', NULL),
(103, 10, 0x30, 'Suruh', 'Pendem Kulon RT 05/I Suruh, Tasikmadu', NULL),
(104, 10, 0x30, 'Ngijo', 'Ngijo, Tasikmadu', NULL),
(105, 11, 0x30, 'Ngringo', 'Palur, RT 04/III, Ngringo, Jaten', NULL),
(106, 11, 0x30, 'Jaten', 'Jaten RT 01/13, Jaten', NULL),
(107, 11, 0x30, 'Jetis', 'Jetis RT 03/04, Jaten', NULL),
(108, 11, 0x30, 'Suruh Kalang', 'Suruh Tani RT 04/I, Suruhkalang, Jaten', NULL),
(109, 11, 0x30, 'Sroyo', 'Karangasem RT 02/03, Sroyo, Jaten', NULL),
(110, 11, 0x30, 'Brujul', 'Gulunan RT 02/03, Brujul, Jaten', NULL),
(111, 11, 0x30, 'Dagen', 'Celep Kidul, Dagen, Jaten', NULL),
(112, 11, 0x30, 'Jati', 'Jati RT 01/07, Jati, Jaten', NULL),
(113, 12, 0x30, 'Gawanan', 'Gawanan Timur RT 02/VI,Gawanan, Colomadu', NULL),
(114, 12, 0x30, 'Malangjiwan', 'Malangjiwan RT 4/2 Colomadu', NULL),
(115, 12, 0x30, 'Tohudan', 'Tohudan RT 04/III, Colomadu', NULL),
(116, 12, 0x30, 'Ngasem', 'Janten RT 02/03 Ngasem, Colomadu', NULL),
(117, 12, 0x30, 'Bolon', 'Jetak RT 01/VII, Bolon, Colomadu', NULL),
(118, 12, 0x30, 'Paulan', 'Jl Adi Sucipto 75 Paulan 03/IV, Colomadu', NULL),
(119, 12, 0x30, 'Baturan', 'Japan RT 05/V, Baturan, Colomadu', NULL),
(120, 12, 0x30, 'Gedongan', 'Gedongan RT 02/6, Colomadu', NULL),
(121, 12, 0x30, 'Blulukan', 'Blulukan, Colomadu', NULL),
(122, 12, 0x30, 'Klodran', 'Klodan, Colomadu', NULL),
(123, 12, 0x30, 'Gajahan', 'Gajahan RT 02/01, Colomadu', NULL),
(124, 13, 0x30, 'Karangturi', 'Kopen RT 02/V, Karangturi, Gondangrejo', NULL),
(125, 13, 0x30, 'Dayu', 'Gayaman RT 04/03, Dayu, Gondangrejo', NULL),
(126, 13, 0x30, 'Jatikuwung', 'Wonosari RT 2/3, Jatikuwung, Gondangrejo', NULL),
(127, 13, 0x30, 'Selokaton', 'Mundu RT 04/07, Selokaton, Gondangrejo', NULL),
(128, 13, 0x30, 'Wonosari', 'Silir RT 01/06, Wonosari, Gondangrejo', NULL),
(129, 13, 0x30, 'Rejosari', 'Watuireng RT 05/2, Rejosari, Gondangrejo', NULL),
(130, 13, 0x30, 'Jeruksawit', 'Depel RT 04/06, Gondangrejo', NULL),
(131, 13, 0x30, 'Bulurejo', 'Cinet RT 01/02, Bulurejo, Gondangrejo', NULL),
(132, 13, 0x30, 'Kragan', 'Kragan RT 04/02, Gondangrejo', NULL),
(133, 13, 0x30, 'Wonorejo', 'Sugihwaras RT 01/06, Gondangrejo', NULL),
(134, 13, 0x30, 'Krendowahono', 'Ledok, Krendowahono, Gondangrejo', NULL),
(135, 13, 0x30, 'Plesungan', 'Plesungan Raya RT 2/2, Plesungan, Gondangrejo', NULL),
(136, 13, 0x30, 'Tuban', 'Tuban, Gondangrejo', NULL),
(137, 14, 0x30, 'Pulosari', 'Dadagan RT 03/01, Pulosari, Kebakkramat', NULL),
(138, 14, 0x30, 'Kaliwuluh', 'Kaliwuluh Lor RT 04/13, Kebakkramat', NULL),
(139, 14, 0x30, 'Waru', 'Gunden, RT 05/04, Waru, Kebakkramat', NULL),
(140, 14, 0x30, 'Kemiri', 'Padas, Kemiri, Kebakkramat', NULL),
(141, 14, 0x30, 'Banjarharjo', 'Manggal RT 03/03, Banjarharjo, Kebakkramat', NULL),
(142, 14, 0x30, 'Alastuwo', 'Ngemplak, Alastuwo, Kebakkramat', NULL),
(143, 14, 0x30, 'Malanggaten', 'Malanggaten RT 01/2, Kebakkramat', NULL),
(144, 14, 0x30, 'Kebak', 'Kebak RT 05/06, Kebakkramat', NULL),
(145, 14, 0x30, 'Macanan', 'Jasan RT 2/1, Macanan, Kebakkramat', NULL),
(146, 14, 0x30, 'Nangsri', 'Nangsri RT 4/1, Nangsri, Kebakkramat', NULL),
(147, 15, 0x30, 'Pendem', 'Pendem, Mojogedang', NULL),
(148, 15, 0x30, 'Mojoroto', 'Mojoroto RT 01/02, Mojoroto, Mojogedang', NULL),
(149, 15, 0x30, 'Kedungjeruk', 'Gondang, Kedungjeruk, Mojogedang', NULL),
(150, 15, 0x30, 'Ngadirejo', 'Banaran RT 03/2, Mojogedang', NULL),
(151, 15, 0x30, 'Mojogedang', 'Gades RT 03/08, Mojogedang', NULL),
(152, 15, 0x30, 'Sewurejo', 'Tepus RT 01/X, Sewurejo, Mojogedang', NULL),
(153, 15, 0x30, 'Munggur', 'Munggur, Mojogedang', NULL),
(154, 15, 0x30, 'Pojok', 'Sabrang RT 01/13, Pojok, Mojogedang', NULL),
(155, 15, 0x30, 'Gentungan', 'Sidodadi, Gentungan, Mojogedang', NULL),
(156, 15, 0x30, 'Pereng', 'Sarirejo, Pereng, Mojogedang', NULL),
(157, 15, 0x30, 'Gebyog', 'Gebyog, Mojogedang', NULL),
(158, 15, 0x30, 'Buntar', 'Buntar, Mojogedang', NULL),
(159, 15, 0x30, 'Kaliboto', 'Kaliboto, Mojogedang', NULL),
(160, 16, 0x30, 'Plosorejo', 'Banaran RT 03/01, Plosorejo, Kerjo', NULL),
(161, 16, 0x30, 'Tamansari', 'Tepus Rt 01/V, Tamansari, Kerjo', NULL),
(162, 16, 0x30, 'Gempolan', 'Gempolan RT 20/08, Kerjo', NULL),
(163, 16, 0x30, 'Kwadungan', 'Majan, Kwadungan, Kerjo', NULL),
(164, 16, 0x30, 'Ganten', 'Geneng RT 04/04, Ganten, Kerjo', NULL),
(165, 16, 0x30, 'Tawangsari', 'Betis, Tawangmangu, Kerjo', NULL),
(166, 16, 0x30, 'Sumberejo', 'Sumberejo, Kerjo', NULL),
(167, 16, 0x30, 'Karangrejo', 'Karangrejo, Kerjo', NULL),
(168, 16, 0x30, 'Botok', 'Botok, RT 07/01, Kerjo', NULL),
(169, 16, 0x30, 'Kuto', 'Kuto RT 03/01, Kuto, Kerjo', NULL),
(170, 17, 0x30, 'Anggrasmanis', 'Babar RT 06/03, Anggrasmanis, Jenawi', NULL),
(171, 17, 0x30, 'Jenawi', 'Jenawi RT 01/01, Jenawi, Jenawi', NULL),
(172, 17, 0x30, 'Lempong', 'Tirip, RT 02/02, Lempong, Jenawi', NULL),
(173, 17, 0x30, 'Menjing', 'Polan RT 5/2, Menjing, Jenawi', NULL),
(174, 17, 0x30, 'Seloromo', 'Melikan RT 03/03, Seloromo, Jenawi', NULL),
(175, 17, 0x30, 'Trengguli', 'Trengguli RT 02/02, Trengguli, Jenawi', NULL),
(176, 17, 0x30, 'Gumeng', 'Kadipekso, Jenawi', NULL),
(177, 17, 0x30, 'Sidomukti', 'Sidorejo RT 01/03, Sidomukti, Jenawi', NULL),
(178, 17, 0x30, 'Balong', 'Semenharjo RT 01/05, Balong, Jenawi', NULL);

-- --------------------------------------------------------

--
-- Struktur dari tabel `inf_kecamatan`
--

CREATE TABLE `inf_kecamatan` (
  `kid` smallint(2) NOT NULL,
  `nama` varchar(30) DEFAULT NULL,
  `kantor` varchar(100) DEFAULT NULL,
  `telp_kantor` varchar(40) DEFAULT NULL,
  `luas` float(9,2) DEFAULT NULL
) ENGINE=InnoDB DEFAULT CHARSET=utf8;

--
-- Dumping data untuk tabel `inf_kecamatan`
--

INSERT INTO `inf_kecamatan` (`kid`, `nama`, `kantor`, `telp_kantor`, `luas`) VALUES
(1, 'Jatipuro', 'Jl. Raya Jatipuro - Jatiyoso, Karanganyar, Kodepos 57784', '0271-495039 ext.319', 4036.50),
(2, 'Jatiyoso', 'Jatiyoso', '0271-495039 ext.320', 6716.49),
(3, 'Jumapolo', 'Jumapolo', '0271-495039 ext.318', 5567.02),
(4, 'Jumantono', 'Jumantono', '0271-495039 ext.317', 5355.44),
(5, 'Matesih', 'Matesih', '0271-495039 ext.316, 0271-662737', 2626.63),
(6, 'Tawangmangu', 'Jl. Lawu No 17 Tawangmangu', '0271-697001', 7003.16),
(7, 'Ngargoyoso', 'Jl. Gadungan no. 17, Ngargoyoso, Kodepos 57793', '0271-495039 ext.322', 6533.94),
(8, 'Karangpandan', 'Jl. Raya Solo-Tawangmangu', '0271-663011', 3411.08),
(9, 'Karanganyar', 'Jl. Lawu Karanganyar', '0271-495030', 4302.64),
(10, 'Tasikmadu', 'Ngijo, Tasikmadu', '0271-495027', 2759.73),
(11, 'Jaten', 'Jl. Raya Jaten No. 85', '0271-821319', 2554.81),
(12, 'Colomadu', 'Jl. LU Adi Sucipto No 180, Colomadu', '0271-780621', 1564.81),
(13, 'Gondangrejo', 'Jl. Solo-Purwodadi Km 12 Kalioso', '0271-853221', 5679.95),
(14, 'Kebakkramat', 'Jl. Raya Solo-Sragen Km 11', '0271-646925', 3645.63),
(15, 'Mojogedang', 'Mojogedang', '0271-495039 ext.312', 5330.90),
(16, 'Kerjo', 'Kerjo', '0271-495039 ext.324', 4682.27),
(17, 'Jenawi', 'Jl. Balong, Jenawi', '0271-495039 ext.323', 5608.28);

-- --------------------------------------------------------

--
-- Struktur dari tabel `inf_penduduk`
--

CREATE TABLE `inf_penduduk` (
  `pid` int(11) NOT NULL,
  `kid` int(2) DEFAULT NULL,
  `tahun` year(4) DEFAULT NULL,
  `laki` int(11) DEFAULT NULL,
  `perempuan` int(11) DEFAULT NULL
) ENGINE=InnoDB DEFAULT CHARSET=utf8;

--
-- Dumping data untuk tabel `inf_penduduk`
--

INSERT INTO `inf_penduduk` (`pid`, `kid`, `tahun`, `laki`, `perempuan`) VALUES
(1, 1, 2014, 17348, 16832),
(2, 2, 2014, 20258, 19044),
(3, 3, 2014, 22422, 21143),
(4, 4, 2014, 24101, 23403),
(5, 5, 2014, 22263, 21830),
(6, 6, 2014, 23305, 22393),
(7, 7, 2014, 16639, 16097),
(8, 8, 2014, 20403, 20499),
(9, 9, 2014, 39067, 38897),
(10, 10, 2014, 29153, 29333),
(11, 11, 2014, 38490, 38684),
(12, 12, 2014, 31710, 32180),
(13, 13, 2014, 37263, 35567),
(14, 14, 2014, 29737, 29629),
(15, 15, 2014, 32110, 30618),
(16, 16, 2014, 17980, 17878),
(17, 17, 2014, 12976, 12684);

-- --------------------------------------------------------

--
-- Struktur dari tabel `jln_foto`
--

CREATE TABLE `jln_foto` (
  `fid` int(11) NOT NULL,
  `jid` int(4) DEFAULT NULL,
  `foto` varchar(100) DEFAULT NULL,
  `keterangan` varchar(500) DEFAULT NULL,
  `path` varchar(100) NOT NULL
) ENGINE=InnoDB DEFAULT CHARSET=utf8;

--
-- Dumping data untuk tabel `jln_foto`
--

INSERT INTO `jln_foto` (`fid`, `jid`, `foto`, `keterangan`, `path`) VALUES
(457, 152, 'balong-lempong.JPG', 'Jalan Balong - Lempong', '/foto/balong-lempong.JPG'),
(458, 27, 'batujamus-kerjo.jpg', 'Jalan Batujamus - Kerjo', '/foto/batujamus-kerjo.jpg'),
(459, 57, 'beji-pojok.jpg', 'Jalan Beji - Pojok', '/foto/beji-pojok.jpg'),
(460, 133, 'bendungan-banjarharjo.jpg', 'Jalan Bendungan - Banjarharjo', '/foto/bendungan-banjarharjo.jpg'),
(461, 115, 'bendungan-jenggrik.JPG', 'Jalan Bendungan - Jenggrik', '/foto/bendungan-jenggrik.JPG'),
(462, 22, 'beningsari-munggur.jpg', 'Jalan Beningsari - Munggur', '/foto/beningsari-munggur.jpg'),
(463, 84, 'berjo-tlogomadirdo.jpg', 'Jalan Berjo - Tlogomadirdo', '/foto/berjo-tlogomadirdo.jpg'),
(464, 69, 'beruk-wonokeling.jpg', 'Jalan Beruk - Wonokeling', '/foto/beruk-wonokeling.jpg');

-- --------------------------------------------------------

--
-- Struktur dari tabel `jln_fungsi`
--

CREATE TABLE `jln_fungsi` (
  `rid` int(11) NOT NULL,
  `jid` int(4) DEFAULT NULL,
  `fid` int(2) DEFAULT NULL
) ENGINE=InnoDB DEFAULT CHARSET=utf8;

--
-- Dumping data untuk tabel `jln_fungsi`
--

INSERT INTO `jln_fungsi` (`rid`, `jid`, `fid`) VALUES
(1, 1, 10),
(2, 2, 10),
(3, 3, 10),
(4, 4, 10),
(5, 5, 10),
(6, 6, 9),
(7, 7, 9),
(8, 8, 10),
(9, 9, 10),
(10, 10, 9),
(11, 11, 10),
(12, 12, 9),
(13, 13, 9),
(14, 14, 10),
(15, 15, 10),
(16, 16, 10),
(17, 17, 9),
(18, 18, 10),
(19, 19, 9),
(20, 20, 9),
(21, 21, 10),
(22, 22, 9),
(23, 23, 9),
(24, 24, 10),
(25, 25, 9),
(26, 26, 10),
(27, 27, 10),
(28, 28, 9),
(29, 29, 10),
(30, 30, 10),
(31, 31, 9),
(32, 32, 10),
(33, 33, 9),
(34, 34, 10),
(35, 35, 10),
(36, 36, 10),
(37, 37, 10),
(38, 38, 10),
(39, 39, 10),
(40, 40, 10),
(41, 41, 10),
(42, 42, 10),
(43, 43, 10),
(44, 44, 10),
(45, 45, 9),
(46, 46, 5),
(47, 47, 9),
(48, 48, 10),
(49, 49, 10),
(50, 50, 10),
(51, 51, 9),
(52, 52, 5),
(53, 53, 5),
(54, 54, 10),
(55, 55, 5),
(56, 56, 10),
(57, 57, 10),
(58, 58, 10),
(59, 59, 10),
(60, 60, 9),
(61, 61, 9),
(62, 62, 9),
(63, 63, 10),
(64, 64, 10),
(65, 65, 10),
(66, 66, 10),
(67, 67, 9),
(68, 68, 10),
(69, 69, 10),
(70, 70, 10),
(71, 71, 9),
(72, 72, 10),
(73, 73, 9),
(74, 74, 10),
(75, 75, 9),
(76, 76, 10),
(77, 77, 9),
(78, 78, 10),
(79, 79, 10),
(80, 80, 10),
(81, 81, 9),
(82, 82, 10),
(83, 83, 5),
(84, 84, 5),
(85, 85, 10),
(86, 86, 10),
(87, 87, 10),
(88, 88, 10),
(89, 89, 10),
(90, 90, 9),
(91, 91, 10),
(92, 92, 9),
(93, 93, 10),
(94, 94, 9),
(95, 95, 9),
(96, 96, 10),
(97, 97, 9),
(98, 98, 9),
(99, 99, 9),
(100, 100, 9),
(101, 101, 10),
(102, 102, 10),
(103, 103, 9),
(104, 104, 9),
(105, 105, 5),
(106, 106, 9),
(107, 107, 9),
(108, 108, 9),
(109, 109, 9),
(110, 110, 9),
(111, 111, 9),
(112, 112, 9),
(113, 113, 9),
(114, 114, 9),
(115, 115, 10),
(116, 116, 10),
(117, 117, 10),
(118, 118, 9),
(119, 119, 9),
(120, 120, 10),
(121, 121, 9),
(122, 122, 9),
(123, 123, 9),
(124, 124, 9),
(125, 125, 9),
(126, 126, 9),
(127, 127, 9),
(128, 128, 9),
(129, 129, 9),
(130, 130, 9),
(131, 131, 9),
(132, 132, 9),
(133, 133, 9),
(134, 134, 9),
(135, 135, 9),
(136, 136, 9),
(137, 137, 9),
(138, 138, 9),
(139, 139, 9),
(140, 140, 9),
(141, 141, 10),
(142, 142, 9),
(143, 143, 10),
(144, 144, 9),
(145, 145, 9),
(146, 146, 9),
(147, 147, 9),
(148, 148, 9),
(149, 149, 10),
(150, 150, 9),
(151, 151, 10),
(152, 152, 10),
(153, 153, 9),
(154, 154, 9),
(155, 155, 9),
(156, 156, 9),
(157, 157, 9),
(158, 158, 9),
(159, 159, 9),
(160, 160, 9),
(161, 161, 9),
(162, 162, 9),
(163, 163, 9),
(164, 164, 9),
(165, 165, 9),
(166, 166, 9),
(167, 167, 10),
(168, 168, 9),
(169, 169, 9),
(171, 171, 9),
(175, 175, 9),
(176, 176, 9),
(177, 177, 12),
(178, 178, 12),
(179, 179, 12),
(180, 180, 12),
(181, 181, 12),
(182, 182, 12),
(183, 183, 12),
(184, 184, 12),
(185, 185, 12),
(186, 186, 12),
(187, 187, 12),
(188, 188, 12),
(189, 189, 12),
(190, 190, 12),
(191, 191, 12),
(192, 192, 12),
(193, 193, 12),
(194, 194, 12),
(195, 195, 12),
(196, 196, 12),
(197, 197, 12),
(198, 198, 12),
(199, 199, 12),
(200, 200, 12),
(201, 201, 12),
(202, 202, 12),
(203, 203, 12),
(204, 204, 12),
(205, 205, 12),
(206, 206, 12),
(207, 207, 12),
(208, 208, 12),
(209, 209, 12),
(210, 210, 12),
(211, 211, 12),
(212, 212, 12),
(213, 213, 12),
(214, 214, 12),
(215, 215, 12),
(216, 216, 12),
(217, 217, 12),
(218, 218, 12),
(219, 219, 12),
(220, 220, 12),
(221, 221, 12),
(222, 222, 12),
(223, 223, 12),
(224, 224, 12),
(225, 225, 12),
(226, 226, 12),
(227, 227, 12),
(228, 228, 12),
(229, 229, 12),
(230, 230, 12),
(231, 231, 12),
(232, 232, 12),
(233, 233, 12),
(234, 234, 12),
(235, 235, 12),
(236, 236, 12),
(237, 237, 12),
(238, 238, 12),
(239, 239, 12),
(240, 240, 12),
(241, 241, 12),
(242, 242, 12),
(243, 243, 12),
(244, 244, 12),
(245, 245, 12),
(246, 246, 12),
(247, 247, 12),
(248, 248, 12),
(249, 249, 12),
(250, 250, 12),
(251, 251, 12),
(252, 252, 12),
(253, 253, 12),
(254, 254, 12),
(255, 255, 12),
(256, 256, 12),
(257, 257, 12),
(258, 258, 12),
(259, 259, 12),
(260, 260, 12),
(261, 261, 12),
(262, 262, 12),
(263, 263, 12),
(264, 264, 12),
(265, 265, 12),
(266, 266, 12),
(267, 267, 12),
(268, 268, 12),
(269, 269, 12),
(270, 270, 12),
(271, 271, 12),
(272, 272, 12),
(273, 273, 12),
(274, 274, 12),
(275, 275, 12),
(276, 276, 12),
(277, 277, 12),
(278, 278, 12),
(279, 279, 12),
(280, 280, 12),
(281, 281, 12),
(282, 282, 12),
(283, 283, 12),
(284, 284, 12),
(285, 285, 12),
(286, 286, 12),
(287, 287, 12),
(288, 288, 12),
(289, 289, 12),
(290, 290, 12),
(291, 291, 12),
(292, 292, 12),
(293, 293, 12),
(294, 294, 12),
(295, 295, 12),
(296, 296, 12),
(297, 297, 12),
(298, 298, 12),
(299, 299, 12),
(300, 300, 12),
(301, 301, 12),
(302, 302, 12),
(303, 303, 12),
(304, 304, 12),
(305, 305, 12),
(306, 306, 12),
(307, 307, 12),
(308, 308, 12),
(309, 309, 12),
(310, 310, 12),
(311, 311, 12),
(312, 312, 12),
(313, 313, 12),
(314, 314, 12),
(315, 315, 12),
(316, 316, 12),
(317, 317, 12),
(318, 318, 12),
(319, 319, 12),
(320, 320, 12),
(321, 321, 12),
(322, 322, 12),
(323, 323, 12),
(324, 324, 12),
(325, 325, 12),
(326, 326, 12),
(327, 327, 12),
(328, 328, 12),
(329, 329, 12),
(330, 330, 12),
(331, 331, 12),
(332, 332, 12),
(333, 333, 12),
(334, 334, 12),
(335, 335, 12),
(336, 336, 12),
(337, 337, 12),
(338, 338, 12),
(339, 339, 12),
(340, 340, 12),
(341, 341, 12),
(342, 342, 12),
(343, 343, 12),
(344, 344, 12),
(345, 345, 12),
(346, 346, 12),
(347, 347, 12),
(348, 348, 12),
(349, 349, 12),
(350, 350, 12),
(351, 351, 12),
(352, 352, 12),
(353, 353, 12),
(354, 354, 12),
(355, 355, 12),
(356, 356, 12),
(357, 357, 12),
(358, 358, 12),
(359, 359, 12),
(360, 360, 12),
(361, 361, 12),
(362, 362, 12),
(363, 363, 12),
(364, 364, 12),
(365, 365, 12),
(366, 366, 12),
(367, 367, 12),
(368, 368, 12),
(369, 369, 12),
(370, 370, 12),
(371, 371, 12),
(372, 372, 12),
(373, 373, 12),
(374, 374, 12),
(375, 375, 12),
(376, 376, 12),
(377, 377, 12),
(378, 378, 12),
(379, 379, 12),
(380, 380, 12),
(381, 381, 12),
(382, 382, 12),
(383, 383, 12),
(384, 384, 12),
(385, 385, 12),
(386, 386, 12),
(387, 387, 12);

-- --------------------------------------------------------

--
-- Struktur dari tabel `jln_jalan`
--

CREATE TABLE `jln_jalan` (
  `jid` int(11) NOT NULL,
  `ruas` int(5) DEFAULT NULL,
  `nama` varchar(200) DEFAULT NULL,
  `pangkal` varchar(200) DEFAULT NULL,
  `ujung` varchar(200) DEFAULT NULL,
  `panjang` float(9,2) DEFAULT NULL,
  `lebar` float(9,2) DEFAULT NULL,
  `aid` int(2) DEFAULT NULL,
  `hid` int(2) DEFAULT NULL
) ENGINE=InnoDB DEFAULT CHARSET=utf8;

--
-- Dumping data untuk tabel `jln_jalan`
--

INSERT INTO `jln_jalan` (`jid`, `ruas`, `nama`, `pangkal`, `ujung`, `panjang`, `lebar`, `aid`, `hid`) VALUES
(1, 1, 'Ngasem - Colomadu', 'JP. SMG 21', '02/03/04', 4.20, 6.00, 1, 1),
(2, 3, 'Colomadu - Kalipati', '01/04/02', 'Jbt/Bts/Kab.Byl', 1.20, 8.00, 1, 1),
(3, 4, 'Tohudan - Gedongan', '01/02/03', 'Bts Kota Ska', 2.10, 3.00, 1, 1),
(4, 5, 'Colomadu - Banyuanyar', '02/02', 'Jbt.Bts.Kota', 6.90, 6.00, 1, 1),
(5, 6, 'Klodran - Sawahan', '02/05/05', 'Bts.Kab.Byl', 0.60, 5.00, 1, 1),
(6, 7, 'Danliris - Tohudan', '05/05/05', 'Bts.Kab.Byl', 1.30, 4.00, 1, 1),
(7, 8, 'Tuban - Gondangrejo', 'Kota Kec', 'Kota Kec', 2.90, 4.00, 1, 1),
(8, 9, 'Mojosongo - Wonosari', 'Bts.Kab.Srg', 'Jbt/Kab.Srg', 7.00, 5.00, 1, 1),
(9, 10, 'Tuban - Wonosari', 'JP.Pwd.Km.12', '09/09/04', 9.80, 4.00, 1, 1),
(10, 11, 'Jeruksawit - Karangturi', '09/09', 'Bengawan Solo', 2.80, 3.00, 1, 1),
(11, 12, 'Ngangkruk - Jeruksawit', 'JP.Pwd.Km.9', '09/09', 4.50, 4.00, 1, 1),
(12, 13, 'Kebakkramat - Bodo', 'JP/Pasar', 'Bengawan Solo', 3.35, 3.50, 1, 1),
(13, 14, 'Ngringo - Perumnas Palur', 'JP', 'JP', 2.90, 4.00, 1, 1),
(14, 15, 'Grompol - Jambangan', 'JP.Srg.Km.15', 'Ps/60', 9.95, 6.00, 1, 1),
(15, 16, 'Tasikmadu - Waru', 'PG/20/20', 'JP', 9.30, 4.00, 1, 1),
(16, 17, 'Tasikmadu - Kebakkramat', '18/20', 'JP/Kec', 6.00, 4.00, 1, 1),
(17, 18, 'Ngargoyoso - Jenawi', '40/40', '86/86', 6.10, 3.00, 1, 1),
(18, 19, 'Ocak Acik - Kayuapak', '111/134/137', '77/bts.Kab.Skh', 0.95, 6.00, 1, 1),
(19, 20, 'Karangpandan - Blora', 'JP/JP', 'JP/JP', 2.60, 4.00, 1, 1),
(20, 21, 'Karanganyar - Lalung', 'JP/JP', '134/134', 0.95, 3.00, 1, 1),
(21, 22, 'Jagan - Lemahbang', 'JP/JP', 'Bts.Kab SKH', 5.00, 4.00, 1, 1),
(22, 23, 'Beningsari - Munggur', 'JP', 'JP', 2.10, 4.00, 1, 1),
(23, 24, 'Matesih - Plosorejo', '42/42', '36/36', 3.00, 3.00, 1, 1),
(24, 25, 'Mojogedang - Tompe', 'JP', '15/15', 7.00, 4.00, 1, 1),
(25, 26, 'Jetis - Dukuh', '111/111', '110/110', 1.10, 4.00, 1, 1),
(26, 27, 'Karanganyar - Ngadiluwih', 'JP', '31/36', 5.00, 5.00, 1, 1),
(27, 28, 'Batujamus - Kerjo', 'JP', '39/102/103', 2.20, 4.00, 1, 1),
(28, 29, 'Kerjo - Tamansari', '103/103', '38/38', 4.50, 3.00, 1, 1),
(29, 30, 'Sukosari - Jumantono', 'Lab/JP', '33/31/35', 6.15, 4.00, 1, 1),
(30, 31, 'Jumantono - Ngadiluwih', '30/33/35', '27/36', 2.55, 4.00, 1, 1),
(31, 32, 'Tunggul - Gantiwarno', '27/27', '94/94', 2.00, 3.00, 1, 1),
(32, 33, 'Jumapolo - Jumantono', '79/79/75', '30/31/35', 10.20, 4.00, 1, 1),
(33, 34, 'Tanjung - Kwangsan', 'Tanjung', 'Kwangsan', 3.50, 3.00, 1, 1),
(34, 35, 'Jumantono - Matesih', '33/30/31', '36/42', 8.50, 4.00, 1, 1),
(35, 36, 'Ngadiluwih - Matesih', '27/31', '35/42', 6.00, 5.00, 1, 1),
(36, 37, 'Karangpandan - Mojogedang', 'JP', 'JP', 7.00, 4.00, 1, 1),
(37, 38, 'Pendem - Ngargoyoso', 'JP', '41/41', 12.50, 4.00, 1, 1),
(38, 39, 'Kerjo - Sumberrejo', '28/28', 'Bts.Kab.Srg', 0.40, 4.00, 1, 1),
(39, 40, 'Kutho - Ngargoyoso', 'JP', '41/45', 11.90, 4.00, 1, 1),
(40, 41, 'Sudimoro - Ngargoyoso', 'JP', '40/55', 7.95, 6.00, 1, 1),
(41, 42, 'Matesih - Karangpandan', '35/36', 'Kec/JP', 5.60, 6.00, 1, 1),
(42, 43, 'Matesih - Girilayu', '42/42', 'Makam Girilayu', 3.80, 5.00, 1, 1),
(43, 44, 'Gerdu - Girilayu', 'JP', 'Makam Girilayu', 3.25, 3.00, 1, 1),
(44, 45, 'Jatipuro - Jatiyoso', 'Kec/JP', '51/65', 7.00, 4.00, 1, 1),
(45, 46, 'Gragalan - Blora', '92/Lap', '37/37', 7.50, 3.00, 1, 1),
(46, 47, 'Matesih - Tawangmangu', '35/35', 'JP', 9.40, 4.00, 1, 1),
(47, 48, 'Sanggrahan - Bumi Perkemahan', 'JP', '23/23', 2.60, 3.00, 1, 1),
(48, 49, 'Srandon - Puntukrejo', '41/41', 'JP', 2.25, 3.50, 1, 1),
(49, 50, 'Sepanjang - Beruk', '47/47', '50/98', 3.75, 4.00, 1, 1),
(50, 51, 'Jatiyoso - Beruk', '45/65', '50/98', 13.20, 4.00, 1, 1),
(51, 52, 'Tuban - Jambu', 'JP', 'Bts.Kab.Srg', 3.20, 4.00, 1, 1),
(52, 53, 'Tawangmangu - Sukuh', 'Jln/PPT', '75/04', 7.00, 3.00, 1, 1),
(53, 54, 'Nglorog - Sukuh', '41/45', 'Candi Sukuh', 1.80, 5.00, 1, 1),
(54, 55, 'Ngargoyoso - Kadipekso', '40/41', '56/86', 3.50, 3.00, 1, 1),
(55, 56, 'Kadipekso - Cetho', '55/86', 'Candi Cetho', 2.80, 3.00, 1, 1),
(56, 57, 'Jenawi - Seloromo', '86/Ps', 'Bts/Kab.Srg', 5.70, 4.00, 1, 1),
(57, 58, 'Beji - Pojok', 'Sp.Lima', '25/25', 12.50, 4.00, 1, 1),
(58, 59, 'Gebyog - Munggur', '58/58', '15/15', 4.40, 4.00, 1, 1),
(59, 60, 'Jambangan - Pendem', '15/Ps', 'JP', 5.45, 3.50, 1, 1),
(60, 61, 'Kebak - Simo', 'Kebak', 'Bengawan Solo', 2.40, 4.00, 1, 1),
(61, 62, 'Palur - Dalon', 'JN/JN', 'Ring Road Utara', 2.20, 4.00, 1, 1),
(62, 63, 'Dungdowo - Losari', 'JP/JP', '81/80', 2.50, 4.00, 1, 1),
(63, 64, 'Wonosari - Kragan', '09/09', 'Bengawan Solo', 4.00, 3.00, 1, 1),
(64, 65, 'Jatiyoso - Wonokeling', '45/51', 'Bts.Kab.Wng', 10.50, 4.00, 1, 1),
(65, 66, 'Tlobosempon - Matesih', '51/51', '35/35', 11.00, 3.00, 1, 1),
(66, 67, 'Jumapolo - Jatipuro', '79/79', '45/45', 9.10, 4.00, 1, 1),
(67, 68, 'Jumapolo - Kedawung', '67/79', '121/121', 5.10, 3.00, 1, 1),
(68, 69, 'Sedayu - Kebak', 'JP/JP', '33/33/93', 5.00, 4.00, 1, 1),
(69, 70, 'Beruk - Wonokeling', '51/51', '65/65', 6.00, 3.00, 1, 1),
(70, 71, 'Tugu - Kebak', 'JP', '33/33/93', 5.40, 4.00, 1, 1),
(71, 72, 'Waru - Simo', 'JP', 'Bengawan Solo', 2.60, 4.00, 1, 1),
(72, 73, 'Tasikmadu - Dagen', 'PG/18/18', 'JP', 5.70, 5.00, 1, 1),
(73, 74, 'Dayu - Jatikuwung', '10/10', '12/12', 4.50, 4.00, 1, 1),
(74, 75, 'Jumapolo - Karangbangun', '79/79/93', 'JP', 2.70, 4.00, 1, 1),
(75, 76, 'Jagan - Tulakan', 'JP', '80/80', 3.80, 3.00, 1, 1),
(76, 77, 'Kayuapak - Ngaliyan', '19/Bts.Kab.Skh', 'JP', 2.85, 4.00, 1, 1),
(77, 78, 'Gemantar - Tunggulrejo', '35/35', '66/66', 7.00, 3.00, 1, 1),
(78, 79, 'Sembuh - Jumapolo', 'JP', '67/12', 3.60, 5.00, 1, 1),
(79, 80, 'Tanjung - Tulakan', 'JP', 'Bts.Kab.Skh', 2.30, 3.00, 1, 1),
(80, 81, 'Tasikmadu - Wonolopo', '18/18', '58/58', 3.65, 4.00, 1, 1),
(81, 82, 'Geneng - Jetis', '17/17', '83/83', 2.70, 3.50, 1, 1),
(82, 83, 'Jaten - Jetis', 'JP', 'JP', 4.10, 4.00, 1, 1),
(83, 84, 'Girilayu - Watusambang', '43/43', 'JP', 3.25, 4.00, 1, 1),
(84, 85, 'Berjo - Tlogomadirdo', '41/41', '53/53', 4.10, 4.00, 1, 1),
(85, 86, 'Kadipekso - Jenawi', '55/56', '57/Ps.Balong', 4.40, 3.00, 1, 1),
(86, 87, 'Jenawi - Anggrasmanis', '86/86', 'Jbt/Bts.Kab.Ngw', 5.10, 4.00, 1, 1),
(87, 88, 'Sumberrejo - Tawangsari', '39/39', 'Bts.Kab.Srg', 3.90, 4.00, 1, 1),
(88, 89, 'Jatipuro - Klerong', 'JP', '90/Bts.Kab.Wng', 4.50, 4.00, 1, 1),
(89, 90, 'Ngasem - Klerong', 'JP', '89/Bts.Kab.Wng', 5.20, 3.00, 1, 1),
(90, 91, 'Ngepos - Sewurejo', 'JP', '37/37', 5.37, 4.00, 1, 1),
(91, 92, 'Keprabon - Ngadirejo', '41/41', '38/38', 6.80, 3.00, 1, 1),
(92, 93, 'Gemantar - Kebak', '35/35', '33/33/71', 5.00, 3.00, 1, 1),
(93, 94, 'Matesih - Tegalgede', '42/42', '27/27', 5.80, 4.00, 1, 1),
(94, 95, 'Jatiyoso - Jatisawit', '45/45', '126/126', 5.00, 3.00, 1, 1),
(95, 96, 'Petung - Ngepungsari', '65/65', 'Bts.Kab.Wng', 7.00, 3.00, 1, 1),
(96, 97, 'Tlobo - Wonorejo', '51/51', '70/70', 5.00, 3.00, 1, 1),
(97, 98, 'Beruk - Wukirsawit', '50/51', '66/66', 5.00, 3.00, 1, 1),
(98, 99, 'Gembong - Blorong', 'JP/JP', '31/31', 6.40, 3.00, 1, 1),
(99, 100, 'Baturan - Banyuanyar', 'Bts.Kota Ska', '55', 1.05, 4.00, 1, 1),
(100, 101, 'Jatikuwung - Rejosari', '12/12', '10/10', 4.50, 4.00, 1, 1),
(101, 102, 'Kerjo - Seloromo', '28/39/103', 'Psr/Bts.Kab.Srrg', 5.10, 3.00, 1, 1),
(102, 103, 'Kerjo - Gempolan', '28/39/102', '40/40', 5.00, 3.00, 1, 1),
(103, 104, 'Bolon - Gajahan', '01/01', '58/58', 3.70, 3.50, 1, 1),
(104, 105, 'Nangsri - Dawung', '17/17', 'JP', 1.80, 4.00, 1, 1),
(105, 106, 'Mengadeg - Pablengan', '43/43', '42/42', 3.80, 2.50, 1, 1),
(106, 107, 'Depok - Punukan', 'JP', '36/36', 5.75, 4.00, 1, 1),
(107, 108, 'Suruh - Kebonagung', '81/81', '58/58', 1.35, 4.00, 1, 1),
(108, 109, 'Kebonagung - Gedong', '58/58', 'JP', 5.15, 3.00, 1, 1),
(109, 110, 'Pundungrejo - Perum Uns', '19/19', 'JP', 2.70, 4.00, 1, 1),
(110, 111, 'Ocak Acik - Jati', '19/78', '110/110', 1.80, 3.00, 1, 1),
(111, 112, 'Malanggaten - Buntar', '16/16', '58/58', 6.20, 4.00, 1, 1),
(112, 113, 'Nangsri - Kaling', '17/17', '16/16/Ps', 2.50, 4.00, 1, 1),
(113, 114, 'Jagatan - Alastuwo', '16/16', '58/58', 2.50, 3.00, 1, 1),
(114, 115, 'Tepus - Sentul', 'JP', '37/37', 4.50, 3.00, 1, 1),
(115, 116, 'Bendungan - Jenggrik', '58/58', 'JP', 5.70, 3.00, 1, 1),
(116, 117, 'Kedungjeruk - Buntar', '15/15', '112/112', 4.75, 3.00, 1, 1),
(117, 118, 'Sringin - Tunggulrejo', '31/31', '35/35', 4.30, 3.00, 1, 1),
(118, 119, 'Jumapolo - Losari', '33/33', 'JP/JP', 5.30, 3.00, 1, 1),
(119, 120, 'Ngasem - Paseban', '90/90', 'Bts.Kab.Wng', 5.60, 3.00, 1, 1),
(120, 121, 'Wates - Karangsari', '33/33', '66/66', 10.00, 3.00, 1, 1),
(121, 122, 'Jumapolo - Tlobosempon', '67/67', '66/66', 8.00, 3.00, 1, 1),
(122, 123, 'Ngemplak - Tunggulrejo', '118/118', '35/35', 4.50, 3.00, 1, 1),
(123, 124, 'Nanti - Jatikuwung', 'JP/JP', '67/67', 4.10, 3.00, 1, 1),
(124, 125, 'Mungsari - Jatiwarno', 'JP/JP', '90/90', 4.90, 3.00, 1, 1),
(125, 126, 'Wonorejo - Plesungan', '', '', 3.65, 4.00, 1, 1),
(126, 127, 'Petung - Wonokeling', '', '', 6.60, 3.00, 1, 1),
(127, 128, 'Gunungwatu - Kalijirak', '', '', 1.80, 3.00, 1, 1),
(128, 129, 'Macanan - Pulosari', '', '', 3.50, 3.00, 1, 1),
(129, 130, 'Kerjo - Tawangsari', '', '', 4.50, 4.00, 1, 1),
(130, 131, 'Jl. Lingkar Terminal Palur', 'Jl. Nasional', 'Jl. Nasional', 0.85, 9.00, 1, 1),
(131, 132, 'Wonorejo - Jatikuwung', '', '', 2.60, 4.00, 1, 1),
(132, 133, 'Bangsri - Tohkuning', '', '', 2.80, 3.00, 1, 1),
(133, 134, 'Bendungan - Banjarharjo', '', '', 3.30, 3.50, 1, 1),
(134, 135, 'Jatisawit - Jatipurwo', '', '', 2.80, 3.00, 1, 1),
(135, 136, 'Garut - Jantiharjo', '', '', 3.00, 3.00, 1, 1),
(136, 137, 'Porosido - Nanti', '', '', 2.10, 3.00, 1, 1),
(137, 138, 'Lasem - Ngepungsari', '', '', 2.80, 3.00, 1, 1),
(138, 139, 'Palur - Banaran', '', '', 0.50, 7.00, 1, 1),
(139, 140, 'Jatiroyo - Jatiyoso', '', '', 6.00, 4.00, 1, 1),
(140, 141, 'Sanggir - Gajahan', '104/104', '04/04', 1.30, 3.00, 1, 1),
(141, 142, 'Malanggaten - Plalar', '16/16', '15/15', 5.35, 3.00, 1, 1),
(142, 143, 'Waru - Kedungringin', 'Jl.Negara', 'Bts.Kab.Srg', 3.05, 4.00, 1, 1),
(143, 144, 'Lumpangkenteng - Nglebak', '59/59', '25/25', 1.10, 4.00, 1, 1),
(144, 145, 'Nglebak - Jambangan', '25/25', '15/15', 1.10, 4.00, 1, 1),
(145, 146, 'Plesungan - Kragan', '09/09', '64/64', 6.60, 3.00, 1, 1),
(146, 147, 'Geneng - Wonolopo', '', '', 2.10, 3.00, 1, 1),
(147, 148, 'Botok - Sumberrejo', '', '', 2.10, 3.00, 1, 1),
(148, 149, 'Pendem - Mranggen', 'Jl.Propinsi', '60/60', 2.75, 3.00, 1, 1),
(149, 150, 'Karang - Dersono', '', '', 2.10, 3.00, 1, 1),
(150, 151, 'Seloromo - Balong', 'Bts.Kab.Srg/102', '57/86', 6.37, 3.00, 1, 1),
(151, 152, 'Trengguli - Lempong', '87/87', 'Bts.Kab.Srg', 6.10, 3.00, 1, 1),
(152, 153, 'Balong - Lempong', '57/57', '358/358', 3.20, 3.00, 1, 1),
(153, 154, 'Karangrejo - Plosorejo', '102/102', '356/356', 9.80, 3.00, 1, 1),
(154, 155, 'Bonosari - Nangsri', '', '', 1.50, 3.00, 1, 1),
(155, 156, 'Kebakkramat - Dalon', 'Jl.Propinsi', 'Jl.Propinsi', 4.50, 5.00, 1, 1),
(156, 157, 'Pundak - Karangduren', '', '', 2.00, 3.00, 1, 1),
(157, 158, 'Delingan - Jrakah', '', '', 3.50, 3.00, 1, 1),
(158, 159, 'Rejosari - Dayu', '', '', 2.30, 3.00, 1, 1),
(159, 160, 'Sumberrejo - Dawung', '', '', 1.10, 3.00, 1, 1),
(160, 161, 'Harjosari - Jatirejo', '92/92', '38/38', 4.50, 3.00, 1, 1),
(161, 162, 'Gempolan - Ngargoyoso', '', '', 5.40, 3.00, 1, 1),
(162, 163, 'Jumok - Jongkang', '', '', 1.50, 4.00, 1, 1),
(163, 164, 'Blorong - Kakum', '', '', 1.20, 3.00, 1, 1),
(164, 165, 'Nglebak - Karanglo', '', '', 5.00, 3.00, 1, 1),
(165, 166, 'Tawangmangu - Tegalsari', '', '', 3.00, 3.00, 1, 1),
(166, 167, 'Jl. PPT Tawangmangu', '', '', 11.20, 4.00, 1, 1),
(167, 168, 'Wonorejo - Dayu', 'Jl.Propinsi', '10/10', 4.50, 5.00, 1, 1),
(168, 169, 'Ngepos - Jrakah', '', '', 2.10, 3.00, 1, 1),
(169, 170, 'Mojogedang - Gondangmanis', '', '', 2.10, 4.00, 1, 1),
(171, 354, 'Wonolopo - Geneng', '81/81', '17/17', 3.80, 3.00, 1, 1),
(175, 367, 'Dayu - Sangiran', '', '', 2.05, 4.00, 1, 1),
(176, 373, 'Gedangan - Milir', '', '', 1.00, 3.00, 1, 1),
(177, 401, 'Jl. Gatot Subroto', 'Koramil Tasikmadu', 'Dr. Wahidin S.H', 5.80, 6.00, 1, 1),
(178, 402, 'Jalur Lambat Jl. Lawu Utara', 'Jl. Basuki Rahmat', 'Bejen', 2.20, 3.00, 1, 1),
(179, 403, 'Jl. Kapten Mulyadi', 'Jl. Basuki Rahmat', 'Jl. RM. Said', 3.40, 6.00, 1, 1),
(180, 404, 'Jl. Letjen S. Parman', 'Jl. PG.Tasikmadu', 'Jl. P.Senopati', 1.00, 4.00, 1, 1),
(181, 405, 'Jl. Laksamana Yos Sudarso', 'Jl. Kap. P. Tendean', 'Jl. Ir.H.Juanda', 0.80, 4.00, 1, 1),
(182, 406, 'Jl. Jend. Sudirman', 'Jl. Basuki Rahmat', 'Jl. Kl.Tegalgede', 6.70, 6.00, 1, 1),
(183, 407, 'Jl. Jend. A. Yani', 'Jl. Lawu Papahan', 'Jl. Gatot Subroto', 0.60, 6.00, 1, 1),
(184, 408, 'Jl. Melati', 'Jl. Kapt.Mulyadi', 'Jl. Dr.Suharso', 0.30, 3.00, 1, 1),
(185, 409, 'Jl. Basuki Rahmat', 'Jl. Lawu Papahan', 'Ocak-acik', 1.90, 3.00, 1, 1),
(186, 410, 'Jl. Kantil', 'Gd. Wanita', 'Taman Pancasila', 0.30, 3.00, 1, 1),
(187, 411, 'Jl. Kapten P Tendean', 'Jl. Gatot Subroto', 'Jl. Letjen Suprapto', 0.50, 5.00, 1, 1),
(188, 412, 'Jl. Mangga', 'Jl. Letjen Suprapto', 'Jl. Apel', 0.30, 3.00, 1, 1),
(189, 413, 'Jl. Nanas', 'Jl. Letjen Suprapto', 'Jl. Apel', 0.30, 3.00, 1, 1),
(190, 414, 'Jl. Blimbing', 'Jl. Letjen Suprapto', 'Jl. Apel', 0.25, 3.00, 1, 1),
(191, 415, 'Jl. Cerme', 'Jl. Letjen Suprapto', 'Jl. Apel', 0.40, 3.00, 1, 1),
(192, 416, 'Jl. Pepaya', 'Jl. Letjen Suprapto', 'Jl. Apel', 0.40, 3.00, 1, 1),
(193, 417, 'Jl. Kedondong', 'Jl. Letjen Suprapto', 'Jl. Apel', 0.30, 3.00, 1, 1),
(194, 418, 'Jl. Duwet', 'Jl. Letjen Suprapto', 'Jl. Apel', 0.20, 3.00, 1, 1),
(195, 419, 'Jl. Pisang', 'Jl. Letjen Suprapto', 'Jl. Apel', 0.25, 3.00, 1, 1),
(196, 420, 'Jl. Apel', 'Jl. PG.Tasikmadu', 'Jl. P.Senopati', 0.90, 3.00, 1, 1),
(197, 421, 'Jl. Anggur', 'Jl. PG.Tasikmadu', 'Jl. Apel', 0.50, 5.00, 1, 1),
(198, 422, 'Jl. Sawo', 'Jl. Gatot Subroto', 'Jl. Letjen S.Parman', 1.59, 3.00, 1, 1),
(199, 423, 'Jl. Mayjen Panjaitan', 'Jl. Jend.A.Yani', 'Jl. Kol.Sugiyono', 1.50, 4.00, 1, 1),
(200, 424, 'Jl. Brigjen Katamso', 'Jl. Jend.A.Yani', 'Jl. Mayor Sunaryo', 2.50, 4.00, 1, 1),
(201, 425, 'Jl. MT Haryono', 'Jl. Lawu', 'Jl. Brigjend Katamso', 0.25, 2.00, 1, 1),
(202, 426, 'Jl. Manggis', 'Jl. Jend.A.Yani', 'Jl. SD.Papahan III', 1.10, 8.00, 1, 1),
(203, 427, 'Jl. Jeruk', 'Jl. Jend.A.Yani', 'Jl. MT.Haryono', 0.70, 8.00, 1, 1),
(204, 428, 'Jl. Rambutan', 'Jl. Lap.Papahan', 'Jl. MT.Haryono', 0.70, 2.00, 1, 1),
(205, 429, 'Jl. Salak', 'Jl. Lawu', 'Jl. Rambutan', 0.15, 2.50, 1, 1),
(206, 430, 'Jl. Durian', 'Jl. Lawu', 'Jl. Rambutan', 0.60, 3.00, 1, 1),
(207, 431, 'Jl. Kelengkeng', 'Jl. Lawu', 'Jl. Rambutan', 0.60, 3.00, 1, 1),
(208, 432, 'Jl. Kurma', 'Jl. Lawu', 'Jl. Rambutan', 0.70, 2.50, 1, 1),
(209, 433, 'Jl. Srikaya', 'Jl. Lawu', 'Jl. Rambutan', 0.70, 2.50, 1, 1),
(210, 434, 'Jl. Alpokat', 'Jl. Lawu', 'Jl. Rambutan', 0.70, 2.00, 1, 1),
(211, 435, 'Jl. Delima', 'Jl. Lawu', 'Jl. Rambutan', 0.70, 2.50, 1, 1),
(212, 436, 'Jl. Pinang', 'Jl. Lawu', 'Jl. Rambutan', 0.30, 2.50, 1, 1),
(213, 437, 'Jl. Sirsat', 'Jl. Lawu', 'Jl. Rambutan', 0.20, 1.80, 1, 1),
(214, 438, 'Jl. Kelapa', 'Jl. Lawu', 'Jl. Rambutan', 0.10, 2.00, 1, 1),
(215, 439, 'Jl. R. Wijaya II', 'Jl. Kol.Sugiyono', 'Jl. Brigjend Katamso', 0.20, 3.00, 1, 1),
(216, 440, 'Jl. R. Wijaya III', 'Jl. Kol.Sugiyono', 'Jl. Hasanudin', 0.20, 3.00, 1, 1),
(217, 441, 'Jl. KH. Samanhudi', 'Jl. Kapten Mulyadi', 'Jl. Kl.Cangakan', 0.33, 4.00, 1, 1),
(218, 442, 'Jl. Kol Sugiyono', 'Jl. Kodim 0727', 'Jl. Jemb.Pokoh', 0.80, 3.50, 1, 1),
(219, 443, 'Jl. Mayjen Sutoyo', 'Jl. SMA Barata', 'Jl. Desa Mogang', 0.40, 3.50, 1, 1),
(220, 444, 'Jl. KH. Ahmad Dahlan', 'Jl. Basuki Rahmat', 'Jl. Masjid Raya', 1.00, 3.00, 1, 1),
(221, 445, 'Jl. Mayor Sunaryo', 'Jl. Pengadilan Negeri', 'Jl. Brigjend Katamso', 0.40, 3.00, 1, 1),
(222, 446, 'Jl. Mayor Kusmanto', 'Jl. Pertanian', 'Jl. Belakang RSU', 0.50, 3.00, 1, 1),
(223, 447, 'Jl. Dr. Rajiman', 'Jl. Mator Kusmanto', 'Jl. Gatot Subroto', 0.60, 4.00, 1, 1),
(224, 448, 'Jl. Dr. Muwardi', 'Jl. Lejen Sutoyo', 'Stadion 45', 1.40, 4.00, 1, 1),
(225, 449, 'Jl. Semangka', 'Jl. Lawu', 'Jl. Dr.Muwardi', 0.20, 3.00, 1, 1),
(226, 450, 'Jl. Markisa', 'Jl. Lawu', 'Jl. Dr.Muwardi', 0.20, 3.00, 1, 1),
(227, 451, 'Jl. Melon', 'Jl. Lawu', 'Jl. Dr.Muwardi', 0.40, 2.50, 1, 1),
(228, 452, 'Jl. Jambu', 'Jl. Lawu', 'Jl. Dr.Muwardi', 0.30, 3.00, 1, 1),
(229, 453, 'Jl. Nangka', 'Jl. Lawu', 'Jl. Dr.Muwardi', 0.30, 3.00, 1, 1),
(230, 454, 'Jl. Patiunus', 'Jl. Lawu', 'Jl. Dr.Muwardi', 0.20, 2.50, 1, 1),
(231, 455, 'Jl. Erlangga', 'Jl. Lawu', 'Jl. R.Patah', 0.40, 2.50, 1, 1),
(232, 456, 'Jl. Hasanudin', 'Jl. Lawu', 'Jl. R.Patah', 0.60, 3.00, 1, 1),
(233, 457, 'Jl. Kertopati', 'Jl. Lawu', 'Jl. R.Patah', 0.20, 3.00, 1, 1),
(234, 458, 'Jl. Sanjaya', 'Jl. Lawu', 'Jl. R.Patah', 0.20, 3.00, 1, 1),
(235, 459, 'Jl. Jayabaya', 'Jl. Lawu', 'Jl. R.Patah', 0.20, 3.00, 1, 1),
(236, 460, 'Jl. Jayabaya I', 'Jl. Lawu', 'Jl. R.Patah', 0.20, 3.00, 1, 1),
(237, 461, 'Jl. Kertobumi', 'Jl. Lawu', 'Jl. R.Patah', 0.20, 3.00, 1, 1),
(238, 462, 'Jl. Raden Wijaya', 'Jl. Kol.Sugiyono', 'Jl. Jayabaya I', 0.80, 2.50, 1, 1),
(239, 463, 'Jl. Raden Wijaya I', 'Jl. Kol.Sugiyono', 'Jl. Jayabaya I', 1.10, 3.00, 1, 1),
(240, 464, 'Jl. Raden Patah', 'Jl. Kol Sugiyono', 'Jl. Mayor Sunaryo', 1.10, 4.00, 1, 1),
(241, 465, 'Jl. Raden Patah I', 'Jl. Brigjen Katamso', 'Jl. Mayor Sunaryo', 0.60, 3.50, 1, 1),
(242, 466, 'Jl. Raden Patah III', 'Jl. Brigjen Katamso', 'Jl. Mayor Sunaryo', 0.80, 3.00, 1, 1),
(243, 467, 'Jl. Raden Patah III', 'Jl. Brigjen Katamso', 'Jl. Mayor Sunaryo', 0.75, 3.00, 1, 1),
(244, 468, 'Jl. Sriwijaya', 'Jl. BPD Jl. lawu', 'Jl. Mataram', 0.25, 4.00, 1, 1),
(245, 469, 'Jl. Pajang', 'Jl. Pajajaran', 'Jl. Kap.Mulyadi', 0.30, 2.00, 1, 1),
(246, 470, 'Jl. Kahuripan', 'Jl. SMA Barata', 'Jl. R.Saleh', 0.40, 2.00, 1, 1),
(247, 471, 'Jl. Demak', 'Jl. Kap Mulyadi', 'Jl. Lawu', 0.40, 4.00, 1, 1),
(248, 472, 'Jl. Mataram', 'Jl. Kap Mulyadi', 'Jl. Lawu/Kodim', 0.40, 12.00, 1, 1),
(249, 473, 'Jl. Majapahit', 'Jl. Kap Mulyadi', 'Monumen HAI', 0.30, 8.00, 1, 1),
(250, 474, 'Jl. Cik Ditiro', 'Jl. Kap Mulyadi', 'Jl. BRI', 0.40, 4.00, 1, 1),
(251, 475, 'Jl. Mataram I', 'Jl. Kap Mulyadi', 'Jl. SD. Jongke', 0.75, 4.00, 1, 1),
(252, 476, 'Jl. Ki Mangunsarkoro', 'Jl. Mayor Kusmanto', 'Jl. Hayam Wuruk III', 0.55, 3.00, 1, 1),
(253, 477, 'Jl. Prof. Muh. Yamin', 'Jl. Lawu', 'Jl. Ki Mangunsarkoro', 0.25, 3.00, 1, 1),
(254, 478, 'Jl. Mr Supeno', 'Jl. SD III Karanganyar', 'Jl. Singa', 0.50, 6.00, 1, 1),
(255, 479, 'Jl. Monginsidi', 'Jl. SMEA Karanganyar', 'Jl. Kanguru', 0.25, 6.00, 1, 1),
(256, 480, 'Jl. Mawar I', 'Jl. Kap Mulyadi', 'Jl. SD Karanganyar I', 0.70, 2.00, 1, 1),
(257, 481, 'Jl. Mawar II', 'Jl. Kap Mulyadi', 'Kantor DPU', 0.65, 3.00, 1, 1),
(258, 482, 'Jl. Nyi Ageng Karang', 'Jl. Lawu', 'Jl. Kap Mulyadi', 0.20, 10.00, 1, 1),
(259, 483, 'Jl. Mawar III', 'Jl. Lawu', 'Jl. Kantil', 0.53, 3.00, 1, 1),
(260, 484, 'Jl. Jokosongo', 'Jl. Lawu', 'Jl. Kap Mulyadi', 0.20, 10.00, 1, 1),
(261, 485, 'Jl. Rusa', 'Taman Pancasila', 'Jl. Mayor Supeno', 0.20, 4.00, 1, 1),
(262, 486, 'Jl. Badak', 'Jl. Brigjen S.Riyadi', 'Jl. Mayor Supeno', 0.30, 4.00, 1, 1),
(263, 487, 'Jl. Tapir', 'Jl. Brigjen S.Riyadi', 'Jl. Mayor Supeno', 0.40, 4.00, 1, 1),
(264, 488, 'Jl. Onta', 'Jl. Brigjen S.Riyadi', 'Jl. Mayor Supeno', 0.40, 4.00, 1, 1),
(265, 489, 'Jl. Anoa', 'Jl. Brigjen S.Riyadi', 'Jl. Mayor Supeno', 0.40, 2.50, 1, 1),
(266, 490, 'Jl. Sultan Agung', 'Jl. Pertanian', 'Jl. Prof Muh Yamin', 0.15, 4.00, 1, 1),
(267, 491, 'Jl. Raden Patah IV', 'Jl. Mayor Kusmanto', 'Jl. Ki Mangun Sarkoro', 0.13, 3.00, 1, 1),
(268, 492, 'Jl. Raden Patah V', 'Jl. Mayor Kusmanto', 'Jl. Ki Mangun Sarkoro', 0.90, 3.00, 1, 1),
(269, 493, 'Jl. Hayam Wuruk', 'Jl. Lawu/Capil', 'Jl. Ki Mangun Sarkoro', 0.25, 3.00, 1, 1),
(270, 494, 'Jl. Hayam Wuruk I', 'Telkom', 'Jl. Perintis K', 1.60, 2.00, 1, 1),
(271, 495, 'Jl. Hayam Wuruk II', 'Jl. Perintis K', 'BPD', 0.15, 3.00, 1, 1),
(272, 496, 'Jl. Perintis Kemerdekaan', 'Gd.Kebudayaan', 'Jl. Kusmanto', 0.60, 3.50, 1, 1),
(273, 497, 'Jl. Kamboja', 'Jl. Brigjen S.Riyadi', 'Jl. Mawar', 0.18, 4.00, 1, 1),
(274, 498, 'Jl. Dahlia', 'Jl. Brigjen S.Riyadi', 'Jl. Mawar', 0.35, 4.00, 1, 1),
(275, 499, 'Jl. Dahlia I', 'Jl. Brigjen S.Riyadi', 'Jl. Mawar', 0.20, 2.00, 1, 1),
(276, 500, 'Jl. Dr. Setiabudi', 'Jl. RM.Sahid', 'Jl. Tanjungsari', 1.00, 2.50, 1, 1),
(277, 501, 'Jl. WR. Supratman', 'Jl. Lawu', 'Jl. Gatot Subroto', 0.35, 4.00, 1, 1),
(278, 502, 'Jl. RM. Said', 'Jl. Jembatan Siwaluh', 'Ngrawoh', 2.50, 6.00, 1, 1),
(279, 503, 'Jl. Jend. Urip Sumoharjo', 'Pasar Bejen', 'Jl. Jend Sudirman', 0.70, 6.00, 1, 1),
(280, 504, 'Jl. Barito', 'Jl. Lawu', 'Jembatan Gantung', 0.15, 3.00, 1, 1),
(281, 505, 'Jl. Barito I', 'Jl. Lawu', 'Jl. Mayor Sunaryo', 0.60, 4.00, 1, 1),
(282, 506, 'Jl. Kabayan', 'SMP II', 'Jl. Citarum', 0.35, 3.00, 1, 1),
(283, 507, 'Jl. Barito Ii', 'DPRD II KRA', 'Jl. Cipto Mangun K', 0.60, 3.00, 1, 1),
(284, 508, 'Jl. Citarum', 'Jl. Lawu', 'Jembatan Geneng', 0.40, 4.00, 1, 1),
(285, 509, 'Jl. Citarum I', 'Jl. Lawu', 'Jl. Cisadane', 0.35, 4.00, 1, 1),
(286, 510, 'Jl. Citarum II', 'Jl. Lawu', 'Jl. Cisadane', 0.30, 3.00, 1, 1),
(287, 511, 'Jl. Cisadane', 'Jl. Citarum', 'Jl. H.Agus Salim', 0.50, 4.00, 1, 1),
(288, 512, 'Jl. Gajahmada', 'Jl. Agus Salim', 'Jl. Urip Sumoharjo', 0.50, 4.00, 1, 1),
(289, 513, 'Jl. Serayu', 'Jl. Gajah Mada', 'Jl. WR.Supratman', 0.25, 4.00, 1, 1),
(290, 514, 'Jl. Musi', 'Jl. Urip Sumoharjo', 'Jl. WR.Supratman', 0.60, 4.00, 1, 1),
(291, 515, 'Jl. Brantas', 'Jl. Urip Sumoharjo', 'Jl. WR.Supratman', 0.30, 4.00, 1, 1),
(292, 516, 'Jl. Citandui', 'Jl. Kapuas', 'Jl. Musi', 0.15, 4.00, 1, 1),
(293, 517, 'Jl. Citandui I', 'Jl. Kapuas', 'Jl. Musi', 0.15, 2.50, 1, 1),
(294, 518, 'Jl. Citandui II', 'Jl. Urip Sumoharjo', 'Jl. Citarum', 0.15, 2.50, 1, 1),
(295, 519, 'Jl. Kapuas', 'Jl. Urip Sumarharjo', 'Jl. Citarum', 0.30, 4.00, 1, 1),
(296, 520, 'Jl. Irian', 'Jl. Urip Sumoharjo', 'Jl. Ki Ageng atas angin', 0.30, 3.00, 1, 1),
(297, 521, 'Jl. Maluku', 'Jl. Urip Sumoharjo', 'Jl. Ki Ageng atas angin', 1.00, 3.00, 1, 1),
(298, 522, 'Jl. Andalas', 'Lingk Pelita Barat', 'Jl. Ki Ageng atas angin', 0.40, 3.00, 1, 1),
(299, 523, 'Jl. Flores', 'Lingk Pelita Timur', 'Jl. Ki Ageng atas angin', 0.35, 3.00, 1, 1),
(300, 524, 'Jl. Flores I', 'Lingk Pelita Timur', 'Jl. Ki Ageng atas angin', 0.20, 3.00, 1, 1),
(301, 525, 'Jl. Flores II', 'Lingk Pelita Timur', 'Jl. Ki Ageng atas angin', 0.50, 3.00, 1, 1),
(302, 526, 'Jl. Ki Ageng Atas Angin', 'Jl. MGR Sugiyopranoto', 'Karanganom', 0.40, 3.00, 1, 1),
(303, 527, 'Jl. Singa', 'Jl. Kapten Mulyadi', 'Jl. Menjangan', 1.00, 4.00, 1, 1),
(304, 528, 'Jl. Menjangan', 'Jl. RM Said', 'Jl. Singa', 0.30, 3.00, 1, 1),
(305, 529, 'Jl. Kelinci', 'Jl. Menjangan', 'Jl. Kanguru', 1.00, 2.00, 1, 1),
(306, 530, 'Jl. Harimau', 'Jl. Menjangan', 'Jl. Kanguru', 0.30, 2.50, 1, 1),
(307, 531, 'Jl. Gajah', 'Jl. Menjangan', 'Jl. Kanguru', 0.30, 4.00, 1, 1),
(308, 532, 'Jl. Kukang', 'Jl. Kanguru', 'Jl. Manggehgede', 0.35, 3.00, 1, 1),
(309, 533, 'Jl. Kanguru', 'Jl. RM Said', 'Jl. Kukang', 0.35, 3.00, 1, 1),
(310, 534, 'Jl. Tentara Pelajar', 'DPR', 'Simpang lima besi', 1.00, 6.00, 1, 1),
(311, 535, 'Jl. RA. Kartini', 'Jl. Gatot Subroto', 'Jl. Ir Juanda', 1.00, 3.00, 1, 1),
(312, 536, 'Jl. Ir. Juanda', 'Makam Pahlawan', 'Beji', 1.00, 4.00, 1, 1),
(313, 537, 'Jl. Dr. Cipto Mangun Kusumo', 'Jl. Ir Juanda', 'Jl. Camar', 0.50, 4.00, 1, 1),
(314, 538, 'Jl. Dr. Sutomo', 'DPD Golkar', 'Jl. Gatot Subroto', 0.85, 2.50, 1, 1),
(315, 539, 'Jl. Ronggowarsito', 'Jl. Wahidin Sudiro H', 'Jl. Deporyudo', 0.50, 4.00, 1, 1),
(316, 540, 'Jl. M Thamrin', 'Jl. Lawu', 'Kadipiro', 0.70, 3.00, 1, 1),
(317, 541, 'Jl. Wahidin Sudiro Husodo', 'Bejen', 'Wonorejo', 0.80, 6.00, 1, 1),
(318, 542, 'Jl. Laks. RE. Martadinata', 'Jl. Gatot Subroto', 'Munggur', 1.00, 4.00, 1, 1),
(319, 543, 'Jl. Kyai Mojo', 'Jl. Ronggo Warsito', 'Jl. Laks Martadinata', 0.80, 4.00, 1, 1),
(320, 544, 'Jl. Kudungga', 'Jl. RA.Kartini', 'RSU', 0.70, 3.00, 1, 1),
(321, 545, 'Jl. P. Senopati', 'Jl. Kudungga', 'SMP 4', 0.90, 3.00, 1, 1),
(322, 546, 'Jl. Teri', 'Jl. RA Kartini', 'Jl. Tentara Pelajar', 0.25, 3.00, 1, 1),
(323, 547, 'Jl. Teri I', 'Jl. RA.Kartini', 'Jl. Ir Juanda', 1.75, 3.00, 1, 1),
(324, 548, 'Jl. Sepat', 'Jl. RA Kartini', 'Jl. Ir Juanda', 1.70, 3.00, 1, 1),
(325, 549, 'Jl. Sepat I', 'Jl. RA.Kartini', 'Jl. Ir Juanda', 0.15, 3.00, 1, 1),
(326, 550, 'Jl. Sepat II', 'Jl. RA.Kartini', 'Jl. Ir Juanda', 0.17, 3.00, 1, 1),
(327, 551, 'Jl. Cucut', 'Jl. RA.Kartini', 'Jl. Ir Juanda', 0.15, 2.00, 1, 1),
(328, 552, 'Jl. Cucut I', 'Jl. RA.Kartini', 'Jl. Ir Juanda', 0.15, 3.00, 1, 1),
(329, 553, 'Jl. Cucut II', 'Jl. RA.Kartini', 'Jl. Ir.Juanda', 0.09, 2.00, 1, 1),
(330, 554, 'Jl. Cucut III', 'Jl. RA.Kartini', 'Jl. Ir Juanda', 0.08, 3.00, 1, 1),
(331, 555, 'Jl. Gurita', 'Jl Ir Juanda', 'DPRD II KRA', 0.70, 4.00, 1, 1),
(332, 556, 'Jl. Pattimura', 'DPRD II KRA', 'Jl. Walet VIII', 0.40, 4.00, 1, 1),
(333, 557, 'Jl. Hiu', 'SMP 1', 'Jl. Mujair III', 0.40, 3.00, 1, 1),
(334, 558, 'Jl. Gurami', 'Jl Lawu', 'Jl. DR Cipto Mangun K', 0.42, 3.00, 1, 1),
(335, 559, 'Jl. Gurami I', 'Jl. Lawu', 'Jl. Hiu', 0.93, 3.00, 1, 1),
(336, 560, 'Jl. Tawes', 'Jl. Lawu', 'Jl. DR.Cipto Mangun K', 0.41, 3.00, 1, 1),
(337, 561, 'Jl. Kakap', 'Jl. Lawu', 'Jl. DR.Cipto Mangun K', 0.27, 3.00, 1, 1),
(338, 562, 'Jl. Mujair', 'Jl. Lawu', 'Jl. DR Cipto Mangun K', 0.26, 3.00, 1, 1),
(339, 563, 'Jl. Mujair I', 'Jl. Lawu', 'Jl. DR.Cipto Mangun K', 0.26, 3.00, 1, 1),
(340, 564, 'Jl. Mujair Ii', 'Jl. DR.Cipto Mangun K', 'Jl. Hiu', 0.11, 3.00, 1, 1),
(341, 565, 'Jl. Walet', 'Jl. Lawu', 'Jl. Pattimura', 0.55, 2.50, 1, 1),
(342, 566, 'Jl. Walet I', 'Jl. Lawu', 'Jl. Pattimura', 0.32, 2.50, 1, 1),
(343, 567, 'Jl. Walet II', 'Jl. Lawu', 'Jl. Pattimura', 0.32, 3.00, 1, 1),
(344, 568, 'Jl. Walet III', 'Jl. Lawu', 'Jl. Pattimura', 0.22, 2.50, 1, 1),
(345, 569, 'Jl. Walet IV', 'Jl. Lawu', 'Jl. Pattimura', 0.22, 2.50, 1, 1),
(346, 570, 'Jl. Walet V', 'Jl. Lawu', 'Jl. Pattimura', 0.22, 2.00, 1, 1),
(347, 571, 'Jl. Walet VI', 'Jl. Lawu', 'Jl. Pattimura', 0.22, 4.00, 1, 1),
(348, 572, 'Jl. Walet VII', 'Jl. Lawu', 'Jl. Pattimura', 0.22, 2.50, 1, 1),
(349, 573, 'Jl. Walet VIII', 'Jl. Lawu', 'Jl. Pattimura', 0.22, 2.50, 1, 1),
(350, 574, 'Jl. Walet IX', 'Jl. Lawu', 'Jl. Pattimura', 0.22, 2.00, 1, 1),
(351, 575, 'Jl. Camar', 'Jl. Lawu', 'Jl. Merak', 0.30, 2.50, 1, 1),
(352, 576, 'Jl. Merak', 'Jl. Camar', 'Jl. DR Sutomo', 0.60, 3.00, 1, 1),
(353, 577, 'Jl. Garuda', 'Jl. MH.Tamrin', 'Jl. Perkutut', 0.55, 3.00, 1, 1),
(354, 578, 'Jl. Garuda I', 'Jl. MH.Tamrin', 'Jl. Perkutut', 0.55, 4.00, 1, 1),
(355, 579, 'Jl. Merpati', 'Jl. Perkutut', 'Jl. DR Wahidin SH', 0.25, 3.00, 1, 1),
(356, 580, 'Jl. Merpati I', 'Jl. DR.Wahidin SH', 'Jl. Merpati', 0.10, 3.00, 1, 1),
(357, 581, 'Jl. Merpati II', 'Jl. DR.Wahidin SH', 'Jl. Merpati', 0.08, 3.00, 1, 1),
(358, 582, 'Jl. Perkutut', 'Jl. Perkutut', 'Jl. Lawu', 0.30, 3.00, 1, 1),
(359, 583, 'Jl. Slamet', 'Jl. DR.Wahidin SH', 'Jl. Derpoyudo', 0.25, 3.00, 1, 1),
(360, 584, 'Jl. Sutan Syahrir', 'Jl. DR.Wahidin SH', 'Jl. Derpoyudo', 0.40, 3.00, 1, 1),
(361, 585, 'Jl. Mgr Sugiyopranoto', 'Bejen', 'Harjosari', 1.00, 4.00, 1, 1),
(362, 586, 'Jl. Derpoyudo', 'Harjosari', 'Munggur', 1.70, 5.00, 1, 1),
(363, 587, 'Jl. Merbabu', 'Derpoyudo', 'Jl. Dr.WahidinSH', 0.22, 3.00, 1, 1),
(364, 588, 'Jl. Sumbing', 'Jl. MGR Sugiyopranoto', 'Jl. Derpoyudo', 0.05, 3.00, 1, 1),
(365, 589, 'Jl. Muria', 'Koramil Kra', 'Harjosari', 0.11, 3.00, 1, 1),
(366, 590, 'Jl. Kelud', 'Derpoyudo', 'Jl. DR Wahidin SH', 0.50, 4.00, 1, 1),
(367, 591, 'Jl. Merbabu I', 'Derpoyudo', 'Jl. Kyai Mojo', 0.05, 3.00, 1, 1),
(368, 592, 'Jl. Sumbing I', 'Jl. MGR Sugiyopranoto', 'Jl. Derpoyudo', 0.12, 3.00, 1, 1),
(369, 593, 'Jl. Panglima Polim', 'SD III Jati', 'Jl. Mlori', 0.90, 4.00, 1, 1),
(370, 594, 'Jl. Dr. Suharso', 'Pengdilan Negeri', 'Jl. Jend.Sudirman', 1.70, 4.00, 1, 1),
(371, 595, 'Jl. AR. Saleh', 'Jl. Basuki Rahmat', 'Jl. Brigj S Riyadi', 1.12, 4.00, 1, 1),
(372, 596, 'Jl. Wakhid Hasyim', 'Pegadaian', 'Jl. AR.Saleh', 4.02, 4.00, 1, 1),
(373, 597, 'Jl. Kutai', 'Jl. Pajajaran', 'Jl. Kapten Mulyadi', 0.20, 4.00, 1, 1),
(374, 598, 'Jl. Pajajaran', 'Jl. Dr.Suharso', 'Jl. Abdul Muis', 0.30, 4.00, 1, 1),
(375, 599, 'Jl. Pajajaran I', 'Jl. Dr.Suharso', 'Jl. Kalingga', 0.60, 4.00, 1, 1),
(376, 600, 'Jl. Kalingga', 'Jl. Pajajaran', 'Jl. Kapten Mulyadi', 0.65, 4.00, 1, 1),
(377, 601, 'Jl. KH. Mas Mansyur', 'Pegadaian', 'Jl. Dr.Suharso', 0.37, 4.00, 1, 1),
(378, 602, 'Jl. Singosari', 'Jl. Dr.Suharso', 'Jl. Kalingga', 0.60, 3.00, 1, 1),
(379, 603, 'Jl. Seroja', 'Jl. Dr.Suharso', 'Makam Mandungan', 0.15, 3.00, 1, 1),
(380, 604, 'Jl. Seroja I', 'Jl. Dr.Suharso', 'Jl. Wachid Hasyim', 0.25, 3.00, 1, 1),
(381, 605, 'Jl. Kenanga', 'Jl. Brigjen S.Riyadi', 'Jl. Dr.Suharso', 0.25, 3.00, 1, 1),
(382, 606, 'Jl. Teratai', 'SMEA', 'Jl. Mawar', 0.25, 6.00, 1, 1),
(383, 607, 'Jl. Mawar', 'Jl. Kapten Mulyadi', 'Jl. Teratai', 0.25, 2.00, 1, 1),
(384, 608, 'Jl. Sriwijaya', 'Jl. Kapten Mulyadi', 'Jl. Dr.Suharso', 0.35, 4.00, 1, 1),
(385, 609, 'Jl. Agus Salim', 'Jl. Gatot Subroto', 'Jl. Kol.Sugiyono', 0.30, 2.50, 1, 1),
(386, 610, 'Jl. Letjen Suprapto', 'Jl. A.Yani', 'Jl. Kol.Sugiyono', 1.45, 4.00, 1, 1),
(387, 611, 'Jl. Abdul Muis', 'Jl. R.Said', 'Jl. Lawu', 0.30, 2.00, 1, 1);

-- --------------------------------------------------------

--
-- Struktur dari tabel `jln_jalannilai`
--

CREATE TABLE `jln_jalannilai` (
  `nid` int(11) NOT NULL,
  `jid` int(5) DEFAULT NULL,
  `tahun` year(4) DEFAULT NULL,
  `aspal` float(9,2) DEFAULT '0.00',
  `makadam` float(9,2) DEFAULT '0.00',
  `beton` float(9,2) DEFAULT '0.00',
  `telford` float(9,2) DEFAULT '0.00',
  `tanah` float(9,2) DEFAULT '0.00',
  `baik` float(9,2) DEFAULT '0.00',
  `sedang` float(9,2) DEFAULT '0.00',
  `rusak` float(9,2) DEFAULT '0.00',
  `rusakberat` float(9,2) DEFAULT '0.00',
  `lhr` float(9,3) DEFAULT '0.000',
  `pci` int(11) DEFAULT NULL,
  `akses` int(2) DEFAULT NULL,
  `penduduk` int(11) DEFAULT NULL
) ENGINE=InnoDB DEFAULT CHARSET=utf8;

--
-- Dumping data untuk tabel `jln_jalannilai`
--

INSERT INTO `jln_jalannilai` (`nid`, `jid`, `tahun`, `aspal`, `makadam`, `beton`, `telford`, `tanah`, `baik`, `sedang`, `rusak`, `rusakberat`, `lhr`, `pci`, `akses`, `penduduk`) VALUES
(1, 1, 2014, 4.20, 0.00, 0.00, 0.00, 0.00, 0.00, 4.20, 0.00, 0.00, 2625.000, NULL, 1, NULL),
(2, 2, 2014, 1.20, 0.00, 0.00, 0.00, 0.00, NULL, 0.70, 0.50, 0.00, 2100.000, NULL, 2, NULL),
(3, 3, 2014, 2.10, 0.00, 0.00, 0.00, 0.00, 2.10, 0.00, 0.00, 0.00, 6037.500, NULL, 2, NULL),
(4, 4, 2014, 6.90, 0.00, 0.00, 0.00, 0.00, 6.90, 0.00, 0.00, 0.00, 1841.700, NULL, 2, NULL),
(5, 5, 2014, 0.60, 0.00, 0.00, 0.00, 0.00, 0.60, 0.00, 0.00, 0.00, 1694.700, NULL, 3, NULL),
(6, 6, 2014, 1.30, 0.00, 0.00, 0.00, 0.00, 1.30, 0.00, 0.00, 0.00, 945.000, NULL, 2, NULL),
(7, 7, 2014, 2.90, 0.00, 0.00, 0.00, 0.00, 0.00, 2.90, 0.00, 0.00, 281.400, NULL, 2, NULL),
(8, 8, 2014, 7.00, 0.00, 0.00, 0.00, 0.00, 6.00, 1.00, 0.00, 0.00, 2693.250, NULL, 3, NULL),
(9, 9, 2014, 9.80, 0.00, 0.00, 0.00, 0.00, 5.00, 3.40, 1.40, 0.00, 1419.600, NULL, 2, NULL),
(10, 10, 2014, 0.00, 2.80, 0.00, 0.00, 0.00, 0.50, 1.80, 0.00, 0.50, 121.800, NULL, 3, NULL),
(11, 11, 2014, 4.50, 0.00, 0.00, 0.00, 0.00, 4.50, 0.00, 0.00, 0.00, 1522.500, NULL, 2, NULL),
(12, 12, 2014, 3.35, 0.00, 0.00, 0.00, 0.00, 0.00, 3.35, 0.00, 0.00, 787.500, NULL, 1, NULL),
(13, 13, 2014, 2.90, 0.00, 0.00, 0.00, 0.00, 2.00, 0.90, 0.00, 0.00, 3412.500, NULL, 1, NULL),
(14, 14, 2014, 9.95, 0.00, 0.00, 0.00, 0.00, 6.00, 3.45, 0.50, 0.00, 1317.750, NULL, 1, NULL),
(15, 15, 2014, 9.30, 0.00, 0.00, 0.00, 0.00, 6.30, 2.00, 0.00, 1.00, 1417.500, NULL, 3, NULL),
(16, 16, 2014, 6.00, 0.00, 0.00, 0.00, 0.00, 6.00, 0.00, 0.00, 0.00, 1643.250, NULL, 3, NULL),
(17, 17, 2014, 3.10, 3.00, 0.00, 0.00, 0.00, 3.10, 3.00, 0.00, 0.00, 120.750, NULL, 3, NULL),
(18, 18, 2014, 0.95, 0.00, 0.00, 0.00, 0.00, 0.85, 0.00, 0.10, 0.00, 367.500, NULL, 3, NULL),
(19, 19, 2014, 2.60, 0.00, 0.00, 0.00, 0.00, 2.60, 0.00, 0.00, 0.00, 743.400, NULL, 2, NULL),
(20, 20, 2014, 0.95, 0.00, 0.00, 0.00, 0.00, 0.00, 0.75, 0.20, 0.00, 363.300, NULL, 3, NULL),
(21, 21, 2014, 5.00, 0.00, 0.00, 0.00, 0.00, NULL, 0.00, 2.50, 2.50, 871.500, NULL, 2, NULL),
(22, 22, 2014, 2.10, 0.00, 0.00, 0.00, 0.00, 1.80, 0.30, 0.00, 0.00, 267.750, NULL, 2, NULL),
(23, 23, 2014, 3.00, 0.00, 0.00, 0.00, 0.00, 3.00, 0.00, 0.00, 0.00, 131.250, NULL, 3, NULL),
(24, 24, 2014, 7.00, 0.00, 0.00, 0.00, 0.00, 5.80, 1.00, 0.20, 0.00, 1391.250, NULL, 2, NULL),
(25, 25, 2014, 1.10, 0.00, 0.00, 0.00, 0.00, 1.10, 0.00, 0.00, 0.00, 90.300, NULL, 3, NULL),
(26, 26, 2014, 5.00, 0.00, 0.00, 0.00, 0.00, 4.00, 1.00, 0.00, 0.00, 2709.000, NULL, 3, NULL),
(27, 27, 2014, 2.20, 0.00, 0.00, 0.00, 0.00, 2.20, 0.00, 0.00, 0.00, 1968.750, NULL, 2, NULL),
(28, 28, 2014, 0.00, 4.50, 0.00, 0.00, 0.00, 2.00, 2.20, 0.30, 0.00, 367.500, NULL, 3, NULL),
(29, 29, 2014, 6.15, 0.00, 0.00, 0.00, 0.00, 4.65, 1.00, 0.50, 0.00, 1207.500, NULL, 2, NULL),
(30, 30, 2014, 2.55, 0.00, 0.00, 0.00, 0.00, 2.55, 0.00, 0.00, 0.00, 992.250, NULL, 3, NULL),
(31, 31, 2014, 2.00, 0.00, 0.00, 0.00, 0.00, 2.00, 0.00, 0.00, 0.00, 294.000, NULL, 3, NULL),
(32, 32, 2014, 10.20, 0.00, 0.00, 0.00, 0.00, 8.00, 2.00, 0.20, 0.00, 892.500, NULL, 3, NULL),
(33, 33, 2014, 0.00, 3.50, 0.00, 0.00, 0.00, 0.00, 3.50, 0.00, 0.00, 94.500, NULL, 2, NULL),
(34, 34, 2014, 8.50, 0.00, 0.00, 0.00, 0.00, 6.50, 2.00, 0.00, 0.00, 787.500, NULL, 3, NULL),
(35, 35, 2014, 6.00, 0.00, 0.00, 0.00, 0.00, 3.00, 3.00, 0.00, 0.00, 1338.750, NULL, 3, NULL),
(36, 36, 2014, 7.00, 0.00, 0.00, 0.00, 0.00, 4.00, 2.50, 0.50, 0.00, 1522.500, NULL, 2, NULL),
(37, 37, 2014, 9.50, 3.00, 0.00, NULL, 0.00, 10.43, 0.00, 2.07, 0.00, 992.250, NULL, 2, NULL),
(38, 38, 2014, 0.40, 0.00, 0.00, 0.00, 0.00, 0.00, 0.40, 0.00, 0.00, 682.500, NULL, 3, NULL),
(39, 39, 2014, 11.90, 0.00, 0.00, 0.00, 0.00, 3.90, 5.00, 3.00, 0.00, 1612.800, NULL, 2, NULL),
(40, 40, 2014, 7.95, 0.00, 0.00, 0.00, 0.00, 5.00, 0.95, 2.00, 0.00, 1391.250, NULL, 2, NULL),
(41, 41, 2014, 5.60, 0.00, 0.00, 0.00, 0.00, 5.00, 0.60, 0.00, 0.00, 1495.200, NULL, 2, NULL),
(42, 42, 2014, 3.80, 0.00, 0.00, 0.00, 0.00, 2.80, 1.00, 0.00, 0.00, 787.500, NULL, 3, NULL),
(43, 43, 2014, 3.25, 0.00, 0.00, 0.00, 0.00, 2.75, 0.50, 0.00, 0.00, 362.250, NULL, 2, NULL),
(44, 44, 2014, 7.00, 0.00, 0.00, 0.00, 0.00, 2.00, 2.00, 3.00, 0.00, 1260.000, NULL, 2, NULL),
(45, 45, 2014, 0.00, 3.00, 4.50, 0.00, 0.00, 1.50, 2.00, 0.00, 4.00, 96.600, NULL, 3, NULL),
(46, 46, 2014, 9.40, 0.00, 0.00, 0.00, 0.00, 4.00, 5.00, 0.40, 0.00, 1425.900, NULL, 2, NULL),
(47, 47, 2014, 2.60, 0.00, 0.00, 0.00, 0.00, 1.20, 1.00, 0.40, 0.00, 152.250, NULL, 2, NULL),
(48, 48, 2014, 2.25, 0.00, 0.00, 0.00, 0.00, 1.00, 1.00, 0.25, 0.00, 892.500, NULL, 2, NULL),
(49, 49, 2014, 3.75, 0.00, 0.00, 0.00, 0.00, 3.75, 0.00, 0.00, 0.00, 596.400, NULL, 3, NULL),
(50, 50, 2014, 13.20, 0.00, 0.00, 0.00, 0.00, 9.20, 4.00, 0.00, 0.00, 655.200, NULL, 3, NULL),
(51, 51, 2014, NULL, 2.60, 0.60, 0.00, 0.00, 1.00, 1.20, 1.00, 0.00, 60.900, NULL, 3, NULL),
(52, 52, 2014, 2.40, 3.00, 1.60, 0.00, 0.00, 2.40, 0.00, 4.60, 0.00, 126.000, NULL, 3, NULL),
(53, 53, 2014, 1.80, 0.00, 0.00, 0.00, 0.00, 1.80, 0.00, 0.00, 0.00, 131.250, NULL, 3, NULL),
(54, 54, 2014, 3.50, 0.00, 0.00, 0.00, 0.00, 0.00, 3.00, 0.50, 0.00, 672.000, NULL, 3, NULL),
(55, 55, 2014, 2.80, 0.00, 0.00, 0.00, 0.00, 2.00, 0.80, 0.00, 0.00, 94.500, NULL, 3, NULL),
(56, 56, 2014, 5.70, 0.00, 0.00, 0.00, 0.00, 2.20, 3.50, 0.00, 0.00, 1207.500, NULL, 3, NULL),
(57, 57, 2014, 12.50, 0.00, 0.00, 0.00, 0.00, 9.00, 1.00, 2.50, 0.00, 1344.000, NULL, 3, NULL),
(58, 58, 2014, 4.40, 0.00, 0.00, 0.00, 0.00, 2.40, 2.00, 0.00, 0.00, 1191.750, NULL, 3, NULL),
(59, 59, 2014, 5.45, 0.00, 0.00, 0.00, 0.00, 5.45, 0.00, 0.00, 0.00, 575.400, NULL, 2, NULL),
(60, 60, 2014, 2.40, 0.00, 0.00, 0.00, 0.00, 0.00, 1.00, 1.40, 0.00, 472.500, NULL, 1, NULL),
(61, 61, 2014, 2.20, 0.00, 0.00, 0.00, 0.00, 1.50, 0.70, 0.00, 0.00, 1395.450, NULL, 1, NULL),
(62, 62, 2014, 0.00, 2.50, 0.00, 0.00, 0.00, 0.00, 0.00, 0.00, 2.50, 724.500, NULL, 2, NULL),
(63, 63, 2014, 4.00, 0.00, 0.00, 0.00, 0.00, 0.00, 2.00, 2.00, 0.00, 98.700, NULL, 3, NULL),
(64, 64, 2014, 10.50, 0.00, 0.00, 0.00, 0.00, 10.50, 0.00, 0.00, 0.00, 606.900, NULL, 3, NULL),
(65, 65, 2014, 11.00, 0.00, 0.00, 0.00, 0.00, 8.00, 3.00, 0.00, 0.00, 472.500, NULL, 3, NULL),
(66, 66, 2014, 9.10, 0.00, 0.00, 0.00, 0.00, 0.00, 6.10, 3.00, 0.00, 393.750, NULL, 3, NULL),
(67, 67, 2014, 1.50, 3.60, 0.00, 0.00, 0.00, 1.50, 0.00, 3.60, 0.00, 246.750, NULL, 3, NULL),
(68, 68, 2014, 5.00, 0.00, 0.00, 0.00, 0.00, 0.00, 4.00, 1.00, 0.00, 928.200, NULL, 2, NULL),
(69, 69, 2014, 2.03, 3.97, 0.00, 0.00, 0.00, 2.03, 1.00, 2.97, 0.00, 183.750, NULL, 3, NULL),
(70, 70, 2014, 5.40, 0.00, 0.00, 0.00, 0.00, 4.40, 1.00, 0.00, 0.00, 997.500, NULL, 2, NULL),
(71, 71, 2014, 2.60, 0.00, 0.00, 0.00, 0.00, 0.00, 2.60, 0.00, 0.00, 252.000, NULL, 1, NULL),
(72, 72, 2014, 5.70, 0.00, 0.00, 0.00, 0.00, 4.10, 1.35, 0.25, 0.00, 2572.500, NULL, 1, NULL),
(73, 73, 2014, NULL, NULL, NULL, NULL, 0.00, NULL, NULL, NULL, NULL, NULL, NULL, NULL, NULL),
(74, 74, 2014, 2.70, 0.00, 0.00, 0.00, 0.00, 0.00, 2.70, 0.00, 0.00, 719.250, NULL, 2, NULL),
(75, 75, 2014, 0.00, 3.30, 0.50, 0.00, 0.00, 1.00, 1.80, 1.00, 0.00, 52.500, NULL, 3, NULL),
(76, 76, 2014, 2.85, 0.00, 0.00, 0.00, 0.00, 0.00, 2.00, 0.85, 0.00, 997.500, NULL, 2, NULL),
(77, 77, 2014, 1.50, 5.50, 0.00, 0.00, 0.00, 1.50, 2.00, 3.50, 0.00, 366.450, NULL, 3, NULL),
(78, 78, 2014, 3.60, 0.00, 0.00, 0.00, 0.00, 3.60, 0.00, 0.00, 0.00, 1123.500, NULL, 2, NULL),
(79, 79, 2014, 2.30, 0.00, 0.00, 0.00, 0.00, 1.30, 0.00, 1.00, 0.00, 1260.000, NULL, 2, NULL),
(80, 80, 2014, 3.65, 0.00, 0.00, 0.00, 0.00, 3.65, 0.00, 0.00, 0.00, 777.000, NULL, 3, NULL),
(81, 81, 2014, 2.70, 0.00, 0.00, 0.00, 0.00, 1.00, 1.50, 0.20, 0.00, 564.900, NULL, 3, NULL),
(82, 82, 2014, 4.10, 0.00, 0.00, 0.00, 0.00, 0.00, 3.10, 1.00, 0.00, 777.000, NULL, 1, NULL),
(83, 83, 2014, 3.25, 0.00, 0.00, 0.00, 0.00, 3.25, 0.00, 0.00, 0.00, 258.300, NULL, 2, NULL),
(84, 84, 2014, 4.10, 0.00, 0.00, 0.00, 0.00, 4.10, 0.00, 0.00, 0.00, 134.400, NULL, 3, NULL),
(85, 85, 2014, 4.40, 0.00, 0.00, 0.00, 0.00, 1.00, 2.00, 1.40, 0.00, 682.500, NULL, 3, NULL),
(86, 86, 2014, 5.10, 0.00, 0.00, 0.00, 0.00, 3.60, 1.00, 0.50, 0.00, 892.500, NULL, 3, NULL),
(87, 87, 2014, 3.90, 0.00, 0.00, 0.00, 0.00, 1.35, 1.15, 1.40, 0.00, 464.100, NULL, 3, NULL),
(88, 88, 2014, 4.00, 0.00, 0.50, 0.00, 0.00, 1.50, 2.00, 1.00, 0.00, 1207.500, NULL, 2, NULL),
(89, 89, 2014, 5.20, 0.00, 0.00, 0.00, 0.00, 4.00, 1.20, 0.00, 0.00, 603.750, NULL, 2, NULL),
(90, 90, 2014, NULL, NULL, NULL, NULL, 0.00, NULL, NULL, NULL, NULL, NULL, NULL, NULL, NULL),
(91, 91, 2014, 6.80, 0.00, 0.00, 0.00, 0.00, 5.70, 1.00, 0.10, 0.00, 779.100, NULL, 3, NULL),
(92, 92, 2014, 4.00, 1.00, 0.00, 0.00, 0.00, 2.60, 1.40, 1.00, 0.00, 393.750, NULL, 3, NULL),
(93, 93, 2014, 5.80, 0.00, 0.00, 0.00, 0.00, 4.30, 1.00, 0.50, 0.00, 777.000, NULL, 3, NULL),
(94, 94, 2014, 1.60, 3.40, 0.00, 0.00, 0.00, 1.60, 0.00, 3.40, 0.00, 257.250, NULL, 3, NULL),
(95, 95, 2014, 2.50, 4.50, 0.00, 0.00, 0.00, 2.70, 1.50, 2.80, 0.00, 278.250, NULL, 3, NULL),
(96, 96, 2014, 0.00, 5.00, 0.00, 0.00, 0.00, 0.00, 1.00, 3.00, 1.00, 404.250, NULL, 3, NULL),
(97, 97, 2014, 5.00, 0.00, 0.00, 0.00, 0.00, 0.00, 4.50, 0.50, 0.00, 262.500, NULL, 3, NULL),
(98, 98, 2014, 5.80, 0.60, 0.00, 0.00, 0.00, 3.90, 1.70, 0.80, 0.00, 341.250, NULL, 2, NULL),
(99, 99, 2014, 1.05, 0.00, 0.00, 0.00, 0.00, 0.50, 0.55, 0.00, 0.00, 966.000, NULL, 3, NULL),
(100, 100, 2014, 0.00, 2.19, 2.31, 0.00, 0.00, 2.81, 0.00, 1.69, 0.00, 239.400, NULL, 3, NULL),
(101, 101, 2014, 5.10, 0.00, 0.00, 0.00, 0.00, 2.00, 2.10, 1.00, 0.00, 882.000, NULL, 3, NULL),
(102, 102, 2014, 5.00, 0.00, 0.00, 0.00, 0.00, 5.00, 0.00, 0.00, 0.00, 674.100, NULL, 3, NULL),
(103, 103, 2014, 3.70, 0.00, 0.00, 0.00, 0.00, 0.00, 2.70, 1.00, 0.00, 656.250, NULL, 2, NULL),
(104, 104, 2014, 1.62, 0.00, 0.18, 0.00, 0.00, 1.00, 0.80, 0.00, 0.00, 729.750, NULL, 1, NULL),
(105, 105, 2014, 0.00, 3.80, 0.00, 0.00, 0.00, 0.00, 0.00, 0.00, 3.80, 10.500, NULL, 3, NULL),
(106, 106, 2014, 5.75, 0.00, 0.00, 0.00, 0.00, 4.75, 1.00, 0.00, 0.00, 558.600, NULL, 3, NULL),
(107, 107, 2014, 1.35, 0.00, 0.00, 0.00, 0.00, 1.35, 0.00, 0.00, 0.00, 619.500, NULL, 3, NULL),
(108, 108, 2014, 5.15, 0.00, 0.00, 0.00, 0.00, 5.00, 0.15, 0.00, 0.00, 682.500, NULL, 2, NULL),
(109, 109, 2014, 2.70, 0.00, 0.00, 0.00, 0.00, 1.50, 1.00, 0.20, 0.00, 365.400, NULL, 2, NULL),
(110, 110, 2014, 0.00, 1.80, 0.00, 0.00, 0.00, 1.70, 0.00, 0.10, 0.00, 892.500, NULL, 3, NULL),
(111, 111, 2014, 0.00, 5.00, 1.20, 0.00, 0.00, 4.95, 0.00, 1.25, 0.00, 474.600, NULL, 3, NULL),
(112, 112, 2014, 2.50, 0.00, 0.00, 0.00, 0.00, 0.00, 2.50, 0.00, 0.00, 789.600, NULL, 3, NULL),
(113, 113, 2014, 2.50, 0.00, 0.00, 0.00, 0.00, 2.50, 0.00, 0.00, 0.00, 669.900, NULL, 3, NULL),
(114, 114, 2014, 0.00, 0.00, 4.50, 0.00, 0.00, 0.00, 2.50, 2.00, 0.00, 480.900, NULL, 2, NULL),
(115, 115, 2014, 5.70, 0.00, 0.00, 0.00, 0.00, 4.70, 0.00, 1.00, 0.00, 655.200, NULL, 2, NULL),
(116, 116, 2014, 0.00, 0.00, 4.75, 0.00, 0.00, 1.00, 1.00, 2.75, 0.00, 764.400, NULL, 3, NULL),
(117, 117, 2014, 3.00, 1.30, 0.00, 0.00, 0.00, 2.00, 1.00, 1.30, 0.00, 875.700, NULL, 3, NULL),
(118, 118, 2014, 4.20, 1.10, 0.00, 0.00, 0.00, 3.40, 0.90, 1.00, 0.00, 756.000, NULL, 2, NULL),
(119, 119, 2014, 0.00, 5.60, 0.00, 0.00, 0.00, 0.00, 0.00, 5.60, 0.00, 50.400, NULL, 3, NULL),
(120, 120, 2014, 7.50, 0.00, 2.50, 0.00, 0.00, 7.00, 3.00, 0.00, 0.00, 458.850, NULL, 3, NULL),
(121, 121, 2014, 7.30, 0.70, 0.00, 0.00, 0.00, 7.30, 0.00, 0.70, 0.00, 653.100, NULL, 3, NULL),
(122, 122, 2014, 0.00, 4.50, 0.00, 0.00, 0.00, 0.00, 0.00, 4.50, 0.00, 239.400, NULL, 3, NULL),
(123, 123, 2014, 4.10, 0.00, 0.00, 0.00, 0.00, 0.00, 2.10, 2.00, 0.00, 359.100, NULL, 3, NULL),
(124, 124, 2014, 3.40, 0.00, 1.50, 0.00, 0.00, 3.40, 1.50, 0.00, 0.00, 565.950, NULL, 3, NULL),
(125, 125, 2014, 2.65, 0.00, 1.00, 0.00, 0.00, 1.65, 1.00, 1.00, 0.00, 409.500, NULL, 3, NULL),
(126, 126, 2014, 0.00, 0.00, 6.60, 0.00, 0.00, 0.00, 6.60, 0.00, 0.00, 331.800, NULL, 3, NULL),
(127, 127, 2014, 0.00, 0.00, 1.80, 0.00, 0.00, 1.80, 0.00, 0.00, 0.00, 300.300, NULL, 3, NULL),
(128, 128, 2014, 3.50, 0.00, 0.00, 0.00, 0.00, 3.50, 0.00, 0.00, 0.00, NULL, NULL, 3, NULL),
(129, 129, 2014, 4.50, 0.00, 0.00, 0.00, 0.00, 0.00, 3.50, 1.00, 0.00, NULL, NULL, 3, NULL),
(130, 130, 2014, 0.85, 0.00, 0.00, 0.00, 0.00, 0.65, 0.20, 0.00, 0.00, NULL, NULL, 1, NULL),
(131, 131, 2014, 0.00, 1.60, 1.00, 0.00, 0.00, 0.00, 1.60, 1.00, 0.00, NULL, NULL, 3, NULL),
(132, 132, 2014, 2.80, 0.00, 0.00, 0.00, 0.00, 0.00, 2.80, 0.00, 0.00, NULL, NULL, 3, NULL),
(133, 133, 2014, 0.00, 2.30, 1.00, 0.00, 0.00, 1.90, 1.40, 0.00, 0.00, NULL, NULL, 3, NULL),
(134, 134, 2014, 2.80, 0.00, 0.00, 0.00, 0.00, 2.80, 0.00, 0.00, 0.00, NULL, NULL, 3, NULL),
(135, 135, 2014, 1.00, 0.00, 2.00, 0.00, 0.00, 0.00, 3.00, 0.00, 0.00, NULL, NULL, 3, NULL),
(136, 136, 2014, 0.00, 2.10, 0.00, 0.00, 0.00, 0.00, 0.00, 2.10, 0.00, NULL, NULL, 3, NULL),
(137, 137, 2014, 2.80, 0.00, 0.00, 0.00, 0.00, 2.80, 0.00, 0.00, 0.00, NULL, NULL, 3, NULL),
(138, 138, 2014, 0.50, 0.00, 0.00, 0.00, 0.00, 0.30, 0.00, 0.20, 0.00, NULL, NULL, 3, NULL),
(139, 139, 2014, 3.80, 1.00, 1.20, 0.00, 0.00, 4.00, 0.00, 2.00, 0.00, NULL, NULL, 3, NULL),
(140, 140, 2014, 1.30, 0.00, 0.00, 0.00, 0.00, 1.30, 0.00, 0.00, 0.00, 367.500, NULL, 2, NULL),
(141, 141, 2014, 4.00, 0.00, 1.35, 0.00, 0.00, 4.35, 1.00, 0.00, 0.00, 446.250, NULL, 3, NULL),
(142, 142, 2014, 3.05, 0.00, 0.00, 0.00, 0.00, 3.05, 0.00, 0.00, 0.00, 894.600, NULL, 1, NULL),
(143, 143, 2014, 0.00, 0.00, 1.10, 0.00, 0.00, 0.00, 1.10, 0.00, 0.00, 798.000, NULL, 3, NULL),
(144, 144, 2014, 1.10, 0.00, 0.00, 0.00, 0.00, 1.10, 0.00, 0.00, NULL, 735.000, NULL, 3, NULL),
(145, 145, 2014, 0.00, 0.60, 6.00, 0.00, 0.00, 2.00, 4.00, 0.60, 0.00, 359.100, NULL, 3, NULL),
(146, 146, 2014, 2.10, 0.00, 0.00, 0.00, 0.00, 0.00, 2.10, 0.00, 0.00, 246.750, NULL, 3, NULL),
(147, 147, 2014, 0.00, 2.10, 0.00, 0.00, 0.00, 0.00, 0.50, 1.60, 0.00, NULL, NULL, 3, NULL),
(148, 148, 2014, 2.00, 0.00, 0.75, 0.00, 0.00, 2.75, 0.00, 0.00, 0.00, 661.500, NULL, 2, NULL),
(149, 149, 2014, 0.00, 2.10, 0.00, 0.00, 0.00, 0.00, 1.00, 1.10, 0.00, NULL, NULL, 3, NULL),
(150, 150, 2014, 0.00, 4.19, 2.18, 0.00, 0.00, 2.18, 0.00, 0.00, 4.19, 273.000, NULL, 3, NULL),
(151, 151, 2014, 6.10, 0.00, 0.00, 0.00, 0.00, 6.10, 0.00, 0.00, 0.00, 399.000, NULL, 3, NULL),
(152, 152, 2014, 1.00, 0.00, 2.20, 0.00, 0.00, 1.00, 2.00, 0.20, 0.00, 225.750, NULL, 3, NULL),
(153, 153, 2014, 2.50, 7.30, 0.00, 0.00, 0.00, 1.80, 4.00, 0.00, 4.00, 446.250, NULL, 3, NULL),
(154, 154, 2014, 1.50, 0.00, 0.00, 0.00, 0.00, 0.00, 1.50, 0.00, 0.00, NULL, NULL, 3, NULL),
(155, 155, 2014, 0.00, 4.50, 0.00, 0.00, 0.00, 4.50, 0.00, 0.00, 0.00, 446.250, NULL, 1, NULL),
(156, 156, 2014, 0.00, 2.00, 0.00, 0.00, 0.00, 0.00, 2.00, 0.00, 0.00, NULL, NULL, 3, NULL),
(157, 157, 2014, 3.50, 0.00, 0.00, 0.00, 0.00, 2.50, 0.00, 1.00, 0.00, NULL, NULL, 3, NULL),
(158, 158, 2014, 0.00, 2.30, 0.00, 0.00, 0.00, 0.00, 0.00, 2.30, 0.00, NULL, NULL, 3, NULL),
(159, 159, 2014, 1.10, 0.00, 0.00, 0.00, 0.00, 0.00, 1.10, 0.00, 0.00, NULL, NULL, 3, NULL),
(160, 160, 2014, 4.50, 0.00, 0.00, 0.00, 0.00, 3.10, 1.40, 0.00, 0.00, 300.300, NULL, 3, NULL),
(161, 161, 2014, 2.40, 1.00, 2.00, 0.00, 0.00, 2.40, 1.40, 1.60, 0.00, NULL, NULL, 3, NULL),
(162, 162, 2014, 1.50, 0.00, 0.00, 0.00, 0.00, 0.00, 1.50, 0.00, 0.00, NULL, NULL, 3, NULL),
(163, 163, 2014, 0.00, 1.20, 0.00, 0.00, 0.00, 1.20, 0.00, 0.00, 0.00, NULL, NULL, 3, NULL),
(164, 164, 2014, 0.00, 5.00, 0.00, 0.00, 0.00, 0.00, 5.00, 0.00, 0.00, NULL, NULL, 3, NULL),
(165, 165, 2014, 3.00, 0.00, 0.00, 0.00, 0.00, 3.00, 0.00, 0.00, 0.00, NULL, NULL, 3, NULL),
(166, 166, 2014, 0.00, 11.20, 0.00, 0.00, 0.00, 0.00, 9.20, 2.00, 0.00, NULL, NULL, 3, NULL),
(167, 167, 2014, 4.50, 0.00, 0.00, 0.00, 0.00, 3.80, 0.00, 0.70, 0.00, 57.750, NULL, 3, NULL),
(168, 168, 2014, 0.00, 2.10, 0.00, 0.00, 0.00, 0.00, 0.00, 2.10, 0.00, NULL, NULL, 3, NULL),
(169, 169, 2014, 2.10, 0.00, 0.00, 0.00, 0.00, 2.10, 0.00, 0.00, 0.00, NULL, NULL, 3, NULL),
(171, 171, 2014, NULL, NULL, NULL, NULL, 0.00, NULL, NULL, NULL, NULL, NULL, NULL, NULL, NULL),
(175, 175, 2014, NULL, NULL, NULL, NULL, 0.00, NULL, NULL, NULL, NULL, NULL, NULL, NULL, NULL),
(176, 176, 2014, NULL, NULL, NULL, NULL, 0.00, NULL, NULL, NULL, NULL, NULL, NULL, NULL, NULL),
(177, 177, 2014, 5.80, 0.00, 0.00, 0.00, 0.00, 1.00, 4.80, 0.00, 0.00, 1496.250, NULL, 3, NULL),
(178, 178, 2014, 2.20, 0.00, 0.00, 0.00, 0.00, 0.00, 1.70, 0.50, 0.00, 52.500, NULL, 2, NULL),
(179, 179, 2014, 3.40, 0.00, 0.00, 0.00, 0.00, 3.40, 0.00, 0.00, 0.00, 1705.200, NULL, 3, NULL),
(180, 180, 2014, 1.00, 0.00, 0.00, 0.00, 0.00, 0.00, 0.00, 0.00, 1.00, 36.750, NULL, 3, NULL),
(181, 181, 2014, 0.40, 0.40, 0.00, 0.00, 0.00, 0.80, 0.00, 0.00, 0.00, 48.300, NULL, 3, NULL),
(182, 182, 2014, 6.70, 0.00, 0.00, 0.00, 0.00, 4.70, 0.00, 2.00, 0.00, 1312.500, NULL, 3, NULL),
(183, 183, 2014, 0.60, 0.00, 0.00, 0.00, 0.00, 0.00, 0.00, 0.60, 0.00, 1758.750, NULL, 2, NULL),
(184, 184, 2014, 0.30, 0.00, 0.00, 0.00, 0.00, 0.00, 0.30, 0.00, 0.00, 78.750, NULL, 3, NULL),
(185, 185, 2014, 1.90, 0.00, 0.00, 0.00, 0.00, 0.00, 0.00, 1.90, 0.00, 1541.400, NULL, 2, NULL),
(186, 186, 2014, 0.30, 0.00, 0.00, 0.00, 0.00, 0.30, 0.00, 0.00, 0.00, 78.750, NULL, 3, NULL),
(187, 187, 2014, 0.50, 0.00, 0.00, 0.00, 0.00, 0.00, 0.00, 0.50, 0.00, 63.000, NULL, 3, NULL),
(188, 188, 2014, 0.00, 0.30, 0.00, 0.00, 0.00, 0.00, 0.30, 0.00, 0.00, 52.500, NULL, 3, NULL),
(189, 189, 2014, 0.00, 0.30, 0.00, 0.00, 0.00, 0.00, 0.30, 0.00, 0.00, 73.500, NULL, 3, NULL),
(190, 190, 2014, 0.00, 0.25, 0.00, 0.00, 0.00, 0.00, 0.25, 0.00, 0.00, 78.750, NULL, 3, NULL),
(191, 191, 2014, 0.00, 0.40, 0.00, 0.00, 0.00, 0.00, 0.40, 0.00, 0.00, 78.750, NULL, 3, NULL),
(192, 192, 2014, 0.00, 0.40, 0.00, 0.00, 0.00, 0.00, 0.40, 0.00, 0.00, 84.000, NULL, 3, NULL),
(193, 193, 2014, 0.00, 0.30, 0.00, 0.00, 0.00, 0.00, 0.30, 0.00, 0.00, 68.250, NULL, 3, NULL),
(194, 194, 2014, 0.00, 0.20, 0.00, 0.00, 0.00, 0.00, 0.20, 0.00, 0.00, 94.500, NULL, 3, NULL),
(195, 195, 2014, 0.00, 0.25, 0.00, 0.00, 0.00, 0.00, 0.25, 0.00, 0.00, 57.750, NULL, 3, NULL),
(196, 196, 2014, 0.00, 0.90, 0.00, 0.00, 0.00, 0.00, 0.90, 0.00, 0.00, 73.500, NULL, 3, NULL),
(197, 197, 2014, 0.00, 0.50, 0.00, 0.00, 0.00, 0.00, 0.50, 0.00, 0.00, 78.750, NULL, 3, NULL),
(198, 198, 2014, 0.00, 0.80, 0.00, 0.00, 0.00, 0.00, 0.80, 0.00, 0.00, 157.500, NULL, 3, NULL),
(199, 199, 2014, 0.00, 1.50, 0.00, 0.00, 0.00, 0.00, 0.00, 1.50, 0.00, 52.500, NULL, 3, NULL),
(200, 200, 2014, 2.50, 0.00, 0.00, 0.00, 0.00, 1.50, 1.00, 0.00, 0.00, 474.600, NULL, 3, NULL),
(201, 201, 2014, 0.00, 0.25, 0.00, 0.00, 0.00, 0.00, 0.25, 0.00, 0.00, 78.750, NULL, 3, NULL),
(202, 202, 2014, 0.00, 1.10, 0.00, 0.00, 0.00, 0.00, 1.10, 0.00, 0.00, 73.500, NULL, 3, NULL),
(203, 203, 2014, 0.00, 0.70, 0.00, 0.00, 0.00, 0.00, 0.70, 0.00, 0.00, 73.500, NULL, 3, NULL),
(204, 204, 2014, 0.00, 0.70, 0.00, 0.00, 0.00, 0.00, 0.70, 0.00, 0.00, 157.500, NULL, 3, NULL),
(205, 205, 2014, 0.00, 0.15, 0.00, 0.00, 0.00, 0.00, 0.15, 0.00, 0.00, 73.500, NULL, 3, NULL),
(206, 206, 2014, 0.00, 0.60, 0.00, 0.00, 0.00, 0.00, 0.60, 0.00, 0.00, 78.750, NULL, 3, NULL),
(207, 207, 2014, 0.00, 0.60, 0.00, 0.00, 0.00, 0.00, 0.60, 0.00, 0.00, 105.000, NULL, 3, NULL),
(208, 208, 2014, 0.00, 0.70, 0.00, 0.00, 0.00, 0.00, 0.70, 0.00, 0.00, 84.000, NULL, 3, NULL),
(209, 209, 2014, 0.00, 0.70, 0.00, 0.00, 0.00, 0.00, 0.70, 0.00, 0.00, 73.500, NULL, 3, NULL),
(210, 210, 2014, 0.00, 0.70, 0.00, 0.00, 0.00, 0.00, 0.70, 0.00, 0.00, 73.500, NULL, 3, NULL),
(211, 211, 2014, 0.00, 0.70, 0.00, 0.00, 0.00, 0.00, 0.70, 0.00, 0.00, 73.500, NULL, 3, NULL),
(212, 212, 2014, 0.00, 0.30, 0.00, 0.00, 0.00, 0.00, 0.30, 0.00, 0.00, 84.000, NULL, 3, NULL),
(213, 213, 2014, 0.00, 0.20, 0.00, 0.00, 0.00, 0.20, 0.00, 0.00, 0.00, 94.500, NULL, 3, NULL),
(214, 214, 2014, 0.00, 0.10, 0.00, 0.00, 0.00, 0.10, 0.00, 0.00, 0.00, 84.000, NULL, 3, NULL),
(215, 215, 2014, 0.20, 0.00, 0.00, 0.00, 0.00, 0.20, 0.00, 0.00, 0.00, 73.500, NULL, 3, NULL),
(216, 216, 2014, 0.20, 0.00, 0.00, 0.00, 0.00, 0.20, 0.00, 0.00, 0.00, 78.750, NULL, 3, NULL),
(217, 217, 2014, 0.33, 0.00, 0.00, 0.00, 0.00, 0.33, 0.00, 0.00, 0.00, 157.500, NULL, 2, NULL),
(218, 218, 2014, 0.80, 0.00, 0.00, 0.00, 0.00, 0.60, 0.20, 0.00, 0.00, 656.250, NULL, 2, NULL),
(219, 219, 2014, 0.40, 0.00, 0.00, 0.00, 0.00, 0.40, 0.00, 0.00, 0.00, 78.750, NULL, 2, NULL),
(220, 220, 2014, 1.00, 0.00, 0.00, 0.00, 0.00, 0.00, 0.00, 1.00, 0.00, 63.000, NULL, 2, NULL),
(221, 221, 2014, 0.40, 0.00, 0.00, 0.00, 0.00, 0.40, 0.00, 0.00, 0.00, 126.000, NULL, 2, NULL),
(222, 222, 2014, 0.50, 0.00, 0.00, 0.00, 0.00, 0.00, NULL, 0.50, 0.00, 369.600, NULL, 2, NULL),
(223, 223, 2014, 0.60, 0.00, 0.00, 0.00, 0.00, 0.00, 0.00, 0.60, 0.00, 1197.000, NULL, 2, NULL),
(224, 224, 2014, 1.40, 0.00, 0.00, 0.00, 0.00, 1.40, 0.00, 0.00, 0.00, 262.500, NULL, 2, NULL),
(225, 225, 2014, 0.00, 0.20, 0.00, 0.00, 0.00, 0.20, 0.00, 0.00, 0.00, 73.500, NULL, 2, NULL),
(226, 226, 2014, 0.00, 0.20, 0.00, 0.00, 0.00, 0.20, 0.00, 0.00, 0.00, 73.500, NULL, 2, NULL),
(227, 227, 2014, 0.00, 0.40, 0.00, 0.00, 0.00, 0.40, 0.00, 0.00, 0.00, 89.250, NULL, 2, NULL),
(228, 228, 2014, 0.00, 0.30, 0.00, 0.00, 0.00, 0.00, 0.30, 0.00, 0.00, 89.250, NULL, 2, NULL),
(229, 229, 2014, 0.00, 0.30, 0.00, 0.00, 0.00, 0.00, 0.30, 0.00, 0.00, 84.000, NULL, 2, NULL),
(230, 230, 2014, 0.00, 0.20, 0.00, 0.00, 0.00, 0.00, 0.20, 0.00, 0.00, 89.250, NULL, 2, NULL),
(231, 231, 2014, 0.00, 0.40, 0.00, 0.00, 0.00, 0.40, 0.00, 0.00, 0.00, 94.500, NULL, 2, NULL),
(232, 232, 2014, 0.00, 0.60, 0.00, 0.00, 0.00, 0.60, 0.00, 0.00, 0.00, 99.750, NULL, 2, NULL),
(233, 233, 2014, 0.00, 0.20, 0.00, 0.00, 0.00, 0.00, 0.00, 0.20, 0.00, 84.000, NULL, 2, NULL),
(234, 234, 2014, 0.00, 0.20, 0.00, 0.00, 0.00, 0.00, 0.20, 0.00, 0.00, 84.000, NULL, 2, NULL),
(235, 235, 2014, 0.00, 0.20, 0.00, 0.00, 0.00, 0.00, 0.20, 0.00, 0.00, 73.500, NULL, 2, NULL),
(236, 236, 2014, 0.00, 0.20, 0.00, 0.00, 0.00, 0.00, 0.20, 0.00, 0.00, 78.750, NULL, 2, NULL),
(237, 237, 2014, 0.20, 0.00, 0.00, 0.00, 0.00, 0.00, 0.20, 0.00, 0.00, 84.000, NULL, 2, NULL),
(238, 238, 2014, 0.80, 0.00, 0.00, 0.00, 0.00, 0.00, 0.80, 0.00, 0.00, 94.500, NULL, 2, NULL),
(239, 239, 2014, 1.10, 0.00, 0.00, 0.00, 0.00, 0.00, 1.10, 0.00, 0.00, 84.000, NULL, 2, NULL),
(240, 240, 2014, 1.10, 0.00, 0.00, 0.00, 0.00, 0.00, 0.00, 1.10, 0.00, 168.000, NULL, 2, NULL),
(241, 241, 2014, 0.60, 0.00, 0.00, 0.00, 0.00, 0.60, 0.00, 0.00, 0.00, 131.250, NULL, 2, NULL),
(242, 242, 2014, 0.80, 0.00, 0.00, 0.00, 0.00, 0.80, 0.00, 0.00, 0.00, 84.000, NULL, 2, NULL),
(243, 243, 2014, 0.75, 0.00, 0.00, 0.00, 0.00, 0.75, 0.00, 0.00, 0.00, 94.500, NULL, 2, NULL),
(244, 244, 2014, 0.25, 0.00, 0.00, 0.00, 0.00, 0.00, 0.25, 0.00, 0.00, 78.750, NULL, 2, NULL),
(245, 245, 2014, 0.30, 0.00, 0.00, 0.00, 0.00, 0.00, 0.30, 0.00, 0.00, 99.750, NULL, 2, NULL),
(246, 246, 2014, 0.40, 0.00, 0.00, 0.00, 0.00, 0.20, 0.20, 0.00, 0.00, 1470.000, NULL, 2, NULL),
(247, 247, 2014, 0.40, 0.00, 0.00, 0.00, 0.00, 0.20, 0.20, 0.00, 0.00, 1260.000, NULL, 2, NULL),
(248, 248, 2014, 0.40, 0.00, 0.00, 0.00, 0.00, 0.30, 0.10, 0.00, 0.00, 371.700, NULL, 2, NULL),
(249, 249, 2014, 0.30, 0.00, 0.00, 0.00, 0.00, 0.20, 0.10, 0.00, 0.00, 399.000, NULL, 2, NULL),
(250, 250, 2014, 0.40, 0.00, 0.00, 0.00, 0.00, 0.40, 0.00, 0.00, 0.00, 100.800, NULL, 2, NULL),
(251, 251, 2014, 0.75, 0.00, 0.00, 0.00, 0.00, 0.75, 0.00, 0.00, 0.00, 1680.000, NULL, 2, NULL),
(252, 252, 2014, 0.55, 0.00, 0.00, 0.00, 0.00, 0.55, 0.00, 0.00, 0.00, 157.500, NULL, 2, NULL),
(253, 253, 2014, 0.25, 0.00, 0.00, 0.00, 0.00, 0.25, 0.00, 0.00, 0.00, 1260.000, NULL, 2, NULL),
(254, 254, 2014, 0.50, 0.00, 0.00, 0.00, 0.00, 0.50, 0.00, 0.00, 0.00, 1785.000, NULL, 2, NULL),
(255, 255, 2014, 0.25, 0.00, 0.00, 0.00, 0.00, 0.25, 0.00, 0.00, 0.00, 2520.000, NULL, 2, NULL),
(256, 256, 2014, 0.70, 0.00, 0.00, 0.00, 0.00, 0.70, 0.00, 0.00, 0.00, 1392.300, NULL, 2, NULL),
(257, 257, 2014, 0.65, 0.00, 0.00, 0.00, 0.00, 0.65, 0.00, 0.00, 0.00, 73.500, NULL, 2, NULL),
(258, 258, 2014, 0.20, 0.00, 0.00, 0.00, 0.00, 0.20, 0.00, 0.00, 0.00, 1302.000, NULL, 2, NULL),
(259, 259, 2014, 0.53, 0.00, 0.00, 0.00, 0.00, 0.53, 0.00, 0.00, 0.00, 63.000, NULL, 2, NULL),
(260, 260, 2014, 0.20, 0.00, 0.00, 0.00, 0.00, 0.20, 0.00, 0.00, 0.00, 971.250, NULL, 2, NULL),
(261, 261, 2014, 0.20, 0.00, 0.00, 0.00, 0.00, 0.20, 0.00, 0.00, 0.00, 1470.000, NULL, 2, NULL),
(262, 262, 2014, 0.30, 0.00, 0.00, 0.00, 0.00, 0.30, 0.00, 0.00, 0.00, 157.500, NULL, 2, NULL),
(263, 263, 2014, 0.40, 0.00, 0.00, 0.00, 0.00, 0.40, 0.00, 0.00, 0.00, 130.200, NULL, 2, NULL),
(264, 264, 2014, 0.40, 0.00, 0.00, 0.00, 0.00, 0.40, 0.00, 0.00, 0.00, 157.500, NULL, 2, NULL),
(265, 265, 2014, 0.40, 0.00, 0.00, 0.00, 0.00, 0.40, 0.00, 0.00, 0.00, 168.000, NULL, 2, NULL),
(266, 266, 2014, 0.15, 0.00, 0.00, 0.00, 0.00, 0.00, 0.00, 0.15, 0.00, 341.250, NULL, 2, NULL),
(267, 267, 2014, 0.13, 0.00, 0.00, 0.00, 0.00, 0.13, 0.00, 0.00, 0.00, 73.500, NULL, 2, NULL),
(268, 268, 2014, 0.90, 0.00, 0.00, 0.00, 0.00, 0.90, 0.00, 0.00, 0.00, 78.750, NULL, 2, NULL),
(269, 269, 2014, 0.25, 0.00, 0.00, 0.00, 0.00, 0.25, 0.00, 0.00, 0.00, 136.500, NULL, 2, NULL),
(270, 270, 2014, 1.60, 0.00, 0.00, 0.00, 0.00, 1.60, 0.00, 0.00, 0.00, 84.000, NULL, 2, NULL),
(271, 271, 2014, 0.15, 0.00, 0.00, 0.00, 0.00, 0.15, 0.00, 0.00, 0.00, 73.500, NULL, 2, NULL),
(272, 272, 2014, 0.60, 0.00, 0.00, 0.00, 0.00, 0.00, 0.00, 0.60, 0.00, 1260.000, NULL, 2, NULL),
(273, 273, 2014, 0.18, 0.00, 0.00, 0.00, 0.00, 0.18, 0.00, 0.00, 0.00, 84.000, NULL, 2, NULL),
(274, 274, 2014, 0.35, 0.00, 0.00, 0.00, 0.00, 0.35, 0.00, 0.00, 0.00, 94.500, NULL, 2, NULL),
(275, 275, 2014, 0.20, 0.00, 0.00, 0.00, 0.00, 0.20, 0.00, 0.00, 0.00, 73.500, NULL, 2, NULL),
(276, 276, 2014, 0.00, 1.00, 0.00, 0.00, 0.00, 0.00, 0.00, 1.00, 0.00, 84.000, NULL, 2, NULL),
(277, 277, 2014, 0.00, 0.35, 0.00, 0.00, 0.00, 0.35, 0.00, 0.00, 0.00, 168.000, NULL, 2, NULL),
(278, 278, 2014, 2.50, 0.00, 0.00, 0.00, 0.00, 2.50, 0.00, 0.00, 0.00, 1722.000, NULL, 2, NULL),
(279, 279, 2014, 0.70, 0.00, 0.00, 0.00, 0.00, 0.00, 0.00, 0.70, 0.00, 1207.500, NULL, 2, NULL),
(280, 280, 2014, 0.15, 0.00, 0.00, 0.00, 0.00, 0.00, 0.00, 0.15, 0.00, 89.250, NULL, 2, NULL),
(281, 281, 2014, 0.60, 0.00, 0.00, 0.00, 0.00, 0.60, 0.00, NULL, 0.00, 73.500, NULL, 2, NULL),
(282, 282, 2014, 0.00, 0.35, 0.00, 0.00, 0.00, 0.35, 0.00, NULL, 0.00, 94.500, NULL, 2, NULL),
(283, 283, 2014, 0.60, 0.00, 0.00, 0.00, 0.00, 0.60, 0.00, 0.00, 0.00, 78.750, NULL, 2, NULL),
(284, 284, 2014, 0.40, 0.00, 0.00, 0.00, 0.00, 0.40, 0.00, 0.00, 0.00, 273.000, NULL, 2, NULL),
(285, 285, 2014, 0.35, 0.00, 0.00, 0.00, 0.00, 0.35, 0.00, 0.00, 0.00, 73.500, NULL, 2, NULL),
(286, 286, 2014, 0.30, 0.00, 0.00, 0.00, 0.00, 0.30, 0.00, 0.00, 0.00, 63.000, NULL, 2, NULL),
(287, 287, 2014, 0.50, 0.00, 0.00, 0.00, 0.00, 0.50, 0.00, 0.00, 0.00, 94.500, NULL, 2, NULL),
(288, 288, 2014, 0.50, 0.00, 0.00, 0.00, 0.00, 0.50, 0.00, 0.00, 0.00, 294.000, NULL, 2, NULL),
(289, 289, 2014, 0.25, 0.00, 0.00, 0.00, 0.00, 0.25, 0.00, 0.00, 0.00, 262.500, NULL, 2, NULL),
(290, 290, 2014, 0.60, 0.00, 0.00, 0.00, 0.00, 0.60, 0.00, 0.00, 0.00, 231.000, NULL, 2, NULL),
(291, 291, 2014, 0.30, 0.00, 0.00, 0.00, 0.00, 0.30, 0.00, 0.00, 0.00, 252.000, NULL, 2, NULL),
(292, 292, 2014, 0.15, 0.00, 0.00, 0.00, 0.00, 0.15, 0.00, 0.00, 0.00, 94.500, NULL, 2, NULL),
(293, 293, 2014, 0.15, 0.00, 0.00, 0.00, 0.00, 0.15, 0.00, 0.00, 0.00, 73.500, NULL, 2, NULL),
(294, 294, 2014, 0.00, 0.15, 0.00, 0.00, 0.00, 0.15, 0.00, 0.00, 0.00, 73.500, NULL, 2, NULL),
(295, 295, 2014, 0.30, 0.00, 0.00, 0.00, 0.00, 0.30, 0.00, 0.00, 0.00, 472.500, NULL, 2, NULL),
(296, 296, 2014, 0.00, 0.30, 0.00, 0.00, 0.00, 0.30, 0.00, 0.00, 0.00, 446.250, NULL, 2, NULL),
(297, 297, 2014, 0.00, 1.00, 0.00, 0.00, 0.00, 1.00, 0.00, 0.00, 0.00, 273.000, NULL, 2, NULL),
(298, 298, 2014, 0.00, 0.40, 0.00, 0.00, 0.00, 0.40, 0.00, 0.00, 0.00, 252.000, NULL, 2, NULL),
(299, 299, 2014, 0.00, 0.35, 0.00, 0.00, 0.00, 0.35, 0.00, 0.00, 0.00, 94.500, NULL, 2, NULL),
(300, 300, 2014, 0.00, 0.20, 0.00, 0.00, 0.00, 0.20, 0.00, 0.00, 0.00, 84.000, NULL, 2, NULL),
(301, 301, 2014, 0.00, 0.50, 0.00, 0.00, 0.00, 0.00, 0.00, 0.50, 0.00, 73.500, NULL, 2, NULL),
(302, 302, 2014, 0.40, 0.00, 0.00, 0.00, 0.00, 0.20, 0.20, 0.00, 0.00, 304.500, NULL, 2, NULL),
(303, 303, 2014, 1.00, 0.00, 0.00, 0.00, 0.00, 0.00, 0.50, 0.50, 0.00, 367.500, NULL, 2, NULL),
(304, 304, 2014, 0.30, 0.00, 0.00, 0.00, 0.00, 0.30, 0.00, 0.00, 0.00, 336.000, NULL, 2, NULL),
(305, 305, 2014, 0.00, 1.00, 0.00, 0.00, 0.00, 1.00, 0.00, 0.00, 0.00, 357.000, NULL, 2, NULL),
(306, 306, 2014, 0.00, 0.30, 0.00, 0.00, 0.00, 0.30, 0.00, 0.00, 0.00, 252.000, NULL, 2, NULL),
(307, 307, 2014, 0.00, 0.30, 0.00, 0.00, 0.00, 0.20, 0.00, 0.10, 0.00, 94.500, NULL, 2, NULL),
(308, 308, 2014, 0.35, 0.00, 0.00, 0.00, 0.00, 0.35, 0.00, 0.00, 0.00, 168.000, NULL, 2, NULL),
(309, 309, 2014, 0.35, 0.00, 0.00, 0.00, 0.00, 0.35, 0.00, 0.00, 0.00, 126.000, NULL, 2, NULL),
(310, 310, 2014, 1.00, 0.00, 0.00, 0.00, 0.00, 0.70, 0.30, 0.00, 0.00, 1709.400, NULL, 2, NULL),
(311, 311, 2014, 1.00, 0.00, 0.00, 0.00, 0.00, 1.00, 0.00, 0.00, 0.00, 168.000, NULL, 2, NULL),
(312, 312, 2014, 1.00, 0.00, 0.00, 0.00, 0.00, 0.00, 0.50, 0.50, 0.00, 1470.000, NULL, 2, NULL),
(313, 313, 2014, 0.50, 0.00, 0.00, 0.00, 0.00, 0.50, 0.00, 0.00, 0.00, 393.750, NULL, 2, NULL),
(314, 314, 2014, 0.85, 0.00, 0.00, 0.00, 0.00, 0.00, 0.40, 0.45, 0.00, 357.000, NULL, 2, NULL),
(315, 315, 2014, 0.50, 0.00, 0.00, 0.00, 0.00, 0.50, 0.00, 0.00, 0.00, 1260.000, NULL, 2, NULL),
(316, 316, 2014, 0.70, 0.00, 0.00, 0.00, 0.00, 0.00, 0.00, 0.70, 0.00, 420.000, NULL, 2, NULL),
(317, 317, 2014, 0.80, 0.00, 0.00, 0.00, 0.00, 0.00, 0.80, 0.00, 0.00, 682.500, NULL, 2, NULL),
(318, 318, 2014, 1.00, 0.00, 0.00, 0.00, 0.00, 0.00, 1.00, 0.00, 0.00, 63.000, NULL, 2, NULL),
(319, 319, 2014, 0.80, 0.00, 0.00, 0.00, 0.00, 0.80, 0.00, 0.00, 0.00, 75.600, NULL, 2, NULL),
(320, 320, 2014, 0.00, 0.70, 0.00, 0.00, 0.00, 0.40, 0.00, 0.30, 0.00, 441.000, NULL, 2, NULL),
(321, 321, 2014, 0.60, 0.30, 0.00, 0.00, 0.00, 0.60, 0.00, 0.30, 0.00, 84.000, NULL, 2, NULL),
(322, 322, 2014, 0.25, 0.00, 0.00, 0.00, 0.00, 0.25, 0.00, 0.00, 0.00, 73.500, NULL, 2, NULL),
(323, 323, 2014, 0.00, 1.75, 0.00, 0.00, 0.00, 0.00, 0.00, 1.75, 0.00, 73.500, NULL, 2, NULL),
(324, 324, 2014, 0.00, 1.70, 0.00, 0.00, 0.00, 0.00, 0.00, 1.70, 0.00, 63.000, NULL, 2, NULL),
(325, 325, 2014, 0.00, 0.15, 0.00, 0.00, 0.00, 0.00, 0.00, 0.15, 0.00, 78.750, NULL, 2, NULL),
(326, 326, 2014, 0.00, 0.17, 0.00, 0.00, 0.00, 0.17, 0.00, 0.00, 0.00, 68.250, NULL, 2, NULL),
(327, 327, 2014, 0.15, 0.00, 0.00, 0.00, 0.00, 0.15, 0.00, 0.00, 0.00, 73.500, NULL, 2, NULL),
(328, 328, 2014, 0.00, 0.15, 0.00, 0.00, 0.00, 0.15, 0.00, 0.00, 0.00, 73.500, NULL, 2, NULL),
(329, 329, 2014, 0.00, 0.09, 0.00, 0.00, 0.00, 0.09, 0.00, 0.00, 0.00, 63.000, NULL, 2, NULL),
(330, 330, 2014, 0.00, 0.08, 0.00, 0.00, 0.00, 0.08, 0.00, 0.00, 0.00, 73.500, NULL, 2, NULL),
(331, 331, 2014, 0.70, 0.00, 0.00, 0.00, 0.00, 0.70, 0.00, 0.00, 0.00, 472.500, NULL, 2, NULL),
(332, 332, 2014, 0.00, 0.40, 0.00, 0.00, 0.00, 0.00, 0.00, 0.40, 0.00, 84.000, NULL, 2, NULL),
(333, 333, 2014, 0.40, 0.00, 0.00, 0.00, 0.00, 0.40, 0.00, 0.00, 0.00, 63.000, NULL, 2, NULL),
(334, 334, 2014, 0.42, 0.00, 0.00, 0.00, 0.00, 0.42, 0.00, 0.00, 0.00, 73.500, NULL, 2, NULL),
(335, 335, 2014, 0.93, 0.00, 0.00, 0.00, 0.00, 0.93, 0.00, 0.00, 0.00, 63.000, NULL, 2, NULL),
(336, 336, 2014, 0.41, 0.00, 0.00, 0.00, 0.00, 0.41, 0.00, 0.00, 0.00, 84.000, NULL, 2, NULL),
(337, 337, 2014, 0.27, 0.00, 0.00, 0.00, 0.00, 0.27, 0.00, 0.00, 0.00, 78.750, NULL, 2, NULL),
(338, 338, 2014, 0.00, 0.26, 0.00, 0.00, 0.00, 0.26, 0.00, 0.00, 0.00, 84.000, NULL, 2, NULL),
(339, 339, 2014, 0.00, 0.26, 0.00, 0.00, 0.00, 0.26, 0.00, 0.00, 0.00, 73.500, NULL, 2, NULL),
(340, 340, 2014, 0.00, 0.11, 0.00, 0.00, 0.00, 0.11, 0.00, 0.00, 0.00, 52.500, NULL, 2, NULL),
(341, 341, 2014, 0.00, 0.55, 0.00, 0.00, 0.00, 0.55, 0.00, 0.00, 0.00, 44.100, NULL, 2, NULL),
(342, 342, 2014, 0.00, 0.32, 0.00, 0.00, 0.00, 0.32, 0.00, 0.00, 0.00, 60.900, NULL, 2, NULL),
(343, 343, 2014, 0.00, 0.32, 0.00, 0.00, 0.00, 0.32, 0.00, 0.00, 0.00, 68.250, NULL, 2, NULL),
(344, 344, 2014, 0.00, 0.22, 0.00, 0.00, 0.00, 0.22, 0.00, 0.00, 0.00, 54.600, NULL, 2, NULL),
(345, 345, 2014, 0.00, 0.22, 0.00, 0.00, 0.00, 0.22, 0.00, 0.00, 0.00, 63.000, NULL, 2, NULL),
(346, 346, 2014, 0.00, 0.22, 0.00, 0.00, 0.00, 0.22, 0.00, 0.00, 0.00, 88.200, NULL, 2, NULL),
(347, 347, 2014, 0.00, 0.22, 0.00, 0.00, 0.00, 0.22, 0.00, 0.00, 0.00, 86.100, NULL, 2, NULL),
(348, 348, 2014, 0.00, 0.22, 0.00, 0.00, 0.00, 0.22, 0.00, 0.00, 0.00, 113.400, NULL, 2, NULL),
(349, 349, 2014, 0.00, 0.22, 0.00, 0.00, 0.00, 0.22, 0.00, 0.00, 0.00, 50.400, NULL, 2, NULL),
(350, 350, 2014, 0.00, 0.22, 0.00, 0.00, 0.00, 0.22, 0.00, 0.00, 0.00, 39.900, NULL, 2, NULL),
(351, 351, 2014, 0.00, 0.30, 0.00, 0.00, 0.00, 0.30, 0.00, 0.00, 0.00, 131.250, NULL, 2, NULL),
(352, 352, 2014, 0.00, 0.60, 0.00, 0.00, 0.00, 0.60, 0.00, 0.00, 0.00, 63.000, NULL, 2, NULL),
(353, 353, 2014, 0.00, 0.55, 0.00, 0.00, 0.00, 0.00, 0.00, 0.55, 0.00, 73.500, NULL, 2, NULL),
(354, 354, 2014, 0.00, 0.55, 0.00, 0.00, 0.00, 0.00, 0.00, 0.55, 0.00, 63.000, NULL, 2, NULL),
(355, 355, 2014, 0.00, 0.25, 0.00, 0.00, 0.00, 0.25, 0.00, 0.00, 0.00, 54.600, NULL, 2, NULL),
(356, 356, 2014, 0.00, 0.10, 0.00, 0.00, 0.00, 0.00, 0.00, 0.10, 0.00, 47.250, NULL, 2, NULL),
(357, 357, 2014, 0.00, 0.08, 0.00, 0.00, 0.00, 0.00, 0.00, 0.08, 0.00, 42.000, NULL, 2, NULL),
(358, 358, 2014, 0.00, 0.30, 0.00, 0.00, 0.00, 0.00, 0.00, 0.30, 0.00, 48.300, NULL, 2, NULL),
(359, 359, 2014, 0.00, 0.25, 0.00, 0.00, 0.00, 0.00, 0.00, 0.25, 0.00, 73.500, NULL, 2, NULL),
(360, 360, 2014, 0.00, 0.40, 0.00, 0.00, 0.00, 0.00, 0.00, 0.40, 0.00, 168.000, NULL, 2, NULL),
(361, 361, 2014, 0.00, 1.00, 0.00, 0.00, 0.00, 0.00, 0.00, 1.00, 0.00, 425.250, NULL, 2, NULL),
(362, 362, 2014, 0.00, 1.70, 0.00, 0.00, 0.00, 0.00, 0.00, 0.00, 1.70, 57.750, NULL, 2, NULL),
(363, 363, 2014, 0.00, 0.22, 0.00, 0.00, 0.00, 0.00, 0.00, 0.22, 0.00, 73.500, NULL, 2, NULL),
(364, 364, 2014, 0.00, 0.05, 0.00, 0.00, 0.00, 0.00, 0.00, 0.05, 0.00, 63.000, NULL, 2, NULL),
(365, 365, 2014, 0.00, 0.11, 0.00, 0.00, 0.00, 0.11, 0.00, 0.00, 0.00, 73.500, NULL, 2, NULL),
(366, 366, 2014, 0.00, 0.50, 0.00, 0.00, 0.00, 0.50, 0.00, 0.00, 0.00, 68.250, NULL, 2, NULL),
(367, 367, 2014, 0.00, 0.05, 0.00, 0.00, 0.00, 0.00, 0.00, 0.05, 0.00, 45.150, NULL, 2, NULL),
(368, 368, 2014, 0.00, 0.12, 0.00, 0.00, 0.00, 0.00, 0.00, 0.12, 0.00, 50.400, NULL, 2, NULL),
(369, 369, 2014, 0.00, 0.90, 0.00, 0.00, 0.00, 0.00, 0.00, 0.90, 0.00, 225.750, NULL, 2, NULL),
(370, 370, 2014, 0.00, 1.70, 0.00, 0.00, 0.00, 1.70, 0.00, 0.00, 0.00, 682.500, NULL, 2, NULL),
(371, 371, 2014, 0.00, 1.12, 0.00, 0.00, 0.00, 1.12, 0.00, 0.00, 0.00, 1092.000, NULL, 3, NULL),
(372, 372, 2014, 0.00, 4.02, 0.00, 0.00, 0.00, 4.02, 0.00, 0.00, 0.00, 1475.250, NULL, 3, NULL),
(373, 373, 2014, 0.00, 0.20, 0.00, 0.00, 0.00, 0.20, 0.00, 0.00, 0.00, 84.000, NULL, 3, NULL),
(374, 374, 2014, 0.30, 0.00, 0.00, 0.00, 0.00, 0.00, 0.30, 0.00, 0.00, 73.500, NULL, 3, NULL),
(375, 375, 2014, 0.60, 0.00, 0.00, 0.00, 0.00, 0.00, 0.60, 0.00, 0.00, 63.000, NULL, 3, NULL),
(376, 376, 2014, 0.65, 0.00, 0.00, 0.00, 0.00, 0.00, 0.65, 0.00, 0.00, 52.500, NULL, 3, NULL),
(377, 377, 2014, 0.37, 0.00, 0.00, 0.00, 0.00, 0.37, 0.00, 0.00, 0.00, 756.000, NULL, 3, NULL),
(378, 378, 2014, 0.60, 0.00, 0.00, 0.00, 0.00, 0.60, 0.00, 0.00, 0.00, 168.000, NULL, 3, NULL),
(379, 379, 2014, 0.15, 0.00, 0.00, 0.00, 0.00, 0.15, 0.00, 0.00, 0.00, 94.500, NULL, 3, NULL),
(380, 380, 2014, 0.25, 0.00, 0.00, 0.00, 0.00, 0.25, 0.00, 0.00, 0.00, 73.500, NULL, 3, NULL),
(381, 381, 2014, 0.00, 0.25, 0.00, 0.00, 0.00, 0.25, 0.00, 0.00, 0.00, 63.000, NULL, 3, NULL),
(382, 382, 2014, 0.25, 0.00, 0.00, 0.00, 0.00, 0.25, 0.00, 0.00, 0.00, 656.250, NULL, 3, NULL),
(383, 383, 2014, 0.25, 0.00, 0.00, 0.00, 0.00, 0.25, 0.00, 0.00, 0.00, 682.500, NULL, 3, NULL),
(384, 384, 2014, 0.35, 0.00, 0.00, 0.00, 0.00, 0.35, 0.00, 0.00, 0.00, 147.000, NULL, 3, NULL),
(385, 385, 2014, 0.30, 0.00, 0.00, 0.00, 0.00, 0.00, 0.00, 0.30, 0.00, 1312.500, NULL, 3, NULL),
(386, 386, 2014, 1.45, 0.00, 0.00, 0.00, 0.00, 1.00, 0.45, 0.00, 0.00, 777.000, NULL, 3, NULL),
(387, 387, 2014, 0.30, 0.00, 0.00, 0.00, 0.00, 0.30, 0.00, 0.00, 0.00, 73.500, NULL, 2, NULL),
(388, 1, 2016, 4.20, 0.00, 0.00, 0.00, 0.00, 2.00, 2.20, 0.00, 0.00, 2625.000, NULL, 1, NULL),
(389, 2, 2016, 1.20, 0.00, 0.00, 0.00, 0.00, 1.00, 0.00, 0.20, 0.00, 2100.000, NULL, 2, NULL),
(390, 3, 2016, 2.10, 0.00, 0.00, 0.00, 0.00, 2.10, 0.00, 0.00, 0.00, 6037.500, NULL, 2, NULL),
(391, 4, 2016, 6.90, 0.00, 0.00, 0.00, 0.00, 4.40, 2.50, 0.00, 0.00, 1841.700, NULL, 2, NULL),
(392, 5, 2016, 0.60, 0.00, 0.00, 0.00, 0.00, 0.60, 0.00, 0.00, 0.00, 1694.700, NULL, 3, NULL),
(393, 6, 2016, 1.30, 0.00, 0.00, 0.00, 0.00, 1.30, 0.00, 0.00, 0.00, 945.000, NULL, 2, NULL),
(394, 7, 2016, 2.90, 0.00, 0.00, 0.00, 0.00, 0.00, 2.90, 0.00, 0.00, 281.400, NULL, 2, NULL),
(395, 8, 2016, 7.00, 0.00, 0.00, 0.00, 0.00, 6.00, 1.00, 0.00, 0.00, 2693.250, NULL, 3, NULL),
(396, 9, 2016, 9.80, 0.00, 0.00, 0.00, 0.00, 4.00, 3.00, 2.80, 0.00, 1419.600, NULL, 2, NULL),
(397, 10, 2016, 0.00, 2.80, 0.00, 0.00, 0.00, 0.50, 1.80, 0.00, 0.50, 121.800, NULL, 3, NULL),
(398, 11, 2016, 4.50, 0.00, 0.00, 0.00, 0.00, 4.50, 0.00, 0.00, 0.00, 1522.500, NULL, 2, NULL),
(399, 12, 2016, 3.35, 0.00, 0.00, 0.00, 0.00, 0.00, 3.35, 0.00, 0.00, 787.500, NULL, 1, NULL),
(400, 13, 2016, 2.90, 0.00, 0.00, 0.00, 0.00, 2.00, 0.90, 0.00, 0.00, 3412.500, NULL, 1, NULL),
(401, 14, 2016, 9.95, 0.00, 0.00, 0.00, 0.00, 7.95, 2.00, 0.00, 0.00, 1317.750, NULL, 1, NULL),
(402, 15, 2016, 9.30, 0.00, 0.00, 0.00, 0.00, 9.30, 0.00, 0.00, 0.00, 1417.500, NULL, 3, NULL),
(403, 16, 2016, 6.00, 0.00, 0.00, 0.00, 0.00, 6.00, 0.00, 0.00, 0.00, 1643.250, NULL, 3, NULL),
(404, 17, 2016, 3.10, 3.00, 0.00, 0.00, 0.00, 3.10, 3.00, 0.00, 0.00, 120.750, NULL, 3, NULL),
(405, 18, 2016, 0.95, 0.00, 0.00, 0.00, 0.00, 0.95, 0.00, 0.00, 0.00, 367.500, NULL, 3, NULL),
(406, 19, 2016, 2.60, 0.00, 0.00, 0.00, 0.00, 2.60, 0.00, 0.00, 0.00, 743.400, NULL, 2, NULL),
(407, 20, 2016, 0.95, 0.00, 0.00, 0.00, 0.00, 0.00, 0.75, 0.20, 0.00, 363.300, NULL, 3, NULL),
(408, 21, 2016, 5.00, 0.00, 0.00, 0.00, 0.00, 3.50, 0.00, 0.00, 1.50, 871.500, NULL, 2, NULL),
(409, 22, 2016, 2.10, 0.00, 0.00, 0.00, 0.00, 1.80, 0.30, 0.00, 0.00, 267.750, NULL, 2, NULL),
(410, 23, 2016, 3.00, 0.00, 0.00, 0.00, 0.00, 3.00, 0.00, 0.00, 0.00, 131.250, NULL, 3, NULL),
(411, 24, 2016, 7.00, 0.00, 0.00, 0.00, 0.00, 5.80, 1.00, 0.20, 0.00, 1391.250, NULL, 2, NULL),
(412, 25, 2016, 1.10, 0.00, 0.00, 0.00, 0.00, 1.10, 0.00, 0.00, 0.00, 90.300, NULL, 3, NULL),
(413, 26, 2016, 5.00, 0.00, 0.00, 0.00, 0.00, 4.00, 1.00, 0.00, 0.00, 2709.000, NULL, 3, NULL),
(414, 27, 2016, 2.20, 0.00, 0.00, 0.00, 0.00, 2.20, 0.00, 0.00, 0.00, 1968.750, NULL, 2, NULL),
(415, 28, 2016, 0.00, 4.50, 0.00, 0.00, 0.00, 0.70, 3.80, 0.00, 0.00, 367.500, NULL, 3, NULL),
(416, 29, 2016, 6.15, 0.00, 0.00, 0.00, 0.00, 4.65, 1.00, 0.50, 0.00, 1207.500, NULL, 2, NULL),
(417, 30, 2016, 2.55, 0.00, 0.00, 0.00, 0.00, 2.55, 0.00, 0.00, 0.00, 992.250, NULL, 3, NULL),
(418, 31, 2016, 2.00, 0.00, 0.00, 0.00, 0.00, 2.00, 0.00, 0.00, 0.00, 294.000, NULL, 3, NULL),
(419, 32, 2016, 10.20, 0.00, 0.00, 0.00, 0.00, 8.00, 2.00, 0.20, 0.00, 892.500, NULL, 3, NULL),
(420, 33, 2016, 0.00, 3.50, 0.00, 0.00, 0.00, 0.00, 3.50, 0.00, 0.00, 94.500, NULL, 2, NULL),
(421, 34, 2016, 8.50, 0.00, 0.00, 0.00, 0.00, 6.50, 2.00, 0.00, 0.00, 787.500, NULL, 3, NULL),
(422, 35, 2016, 6.00, 0.00, 0.00, 0.00, 0.00, 3.00, 3.00, 0.00, 0.00, 1338.750, NULL, 3, NULL),
(423, 36, 2016, 7.00, 0.00, 0.00, 0.00, 0.00, 4.00, 2.50, 0.50, 0.00, 1522.500, NULL, 2, NULL),
(424, 37, 2016, 9.50, 3.00, 0.00, NULL, 0.00, 8.00, 4.00, 0.50, 0.00, 992.250, NULL, 2, NULL),
(425, 38, 2016, 0.40, 0.00, 0.00, 0.00, 0.00, 0.00, 0.40, 0.00, 0.00, 682.500, NULL, 3, NULL),
(426, 39, 2016, 11.90, 0.00, 0.00, 0.00, 0.00, 3.90, 3.00, 5.00, 0.00, 1612.800, NULL, 2, NULL),
(427, 40, 2016, 7.95, 0.00, 0.00, 0.00, 0.00, 3.00, 2.95, 2.00, 0.00, 1391.250, NULL, 2, NULL),
(428, 41, 2016, 5.60, 0.00, 0.00, 0.00, 0.00, 5.00, 0.60, 0.00, 0.00, 1495.200, NULL, 2, NULL),
(429, 42, 2016, 3.80, 0.00, 0.00, 0.00, 0.00, 2.80, 1.00, 0.00, 0.00, 787.500, NULL, 3, NULL),
(430, 43, 2016, 3.25, 0.00, 0.00, 0.00, 0.00, 2.75, 0.50, 0.00, 0.00, 362.250, NULL, 2, NULL),
(431, 44, 2016, 7.00, 0.00, 0.00, 0.00, 0.00, 7.00, 0.00, 0.00, 0.00, 1260.000, NULL, 2, NULL),
(432, 45, 2016, 0.00, 3.00, 4.50, 0.00, 0.00, 5.50, 2.00, 0.00, 0.00, 96.600, NULL, 3, NULL),
(433, 46, 2016, 9.40, 0.00, 0.00, 0.00, 0.00, 4.00, 5.00, 0.40, 0.00, 1425.900, NULL, 2, NULL),
(434, 47, 2016, 2.60, 0.00, 0.00, 0.00, 0.00, 1.20, 1.00, 0.40, 0.00, 152.250, NULL, 2, NULL),
(435, 48, 2016, 2.25, 0.00, 0.00, 0.00, 0.00, 1.00, 1.00, 0.25, 0.00, 892.500, NULL, 2, NULL),
(436, 49, 2016, 3.75, 0.00, 0.00, 0.00, 0.00, 3.75, 0.00, 0.00, 0.00, 596.400, NULL, 3, NULL),
(437, 50, 2016, 13.20, 0.00, 0.00, 0.00, 0.00, 9.20, 4.00, 0.00, 0.00, 655.200, NULL, 3, NULL),
(438, 51, 2016, NULL, 2.60, 0.60, 0.00, 0.00, 1.00, 2.20, 0.00, 0.00, 60.900, NULL, 3, NULL),
(439, 52, 2016, 2.40, 3.00, 1.60, 0.00, 0.00, 2.40, 0.00, 4.60, 0.00, 126.000, NULL, 3, NULL),
(440, 53, 2016, 1.80, 0.00, 0.00, 0.00, 0.00, 1.80, 0.00, 0.00, 0.00, 131.250, NULL, 3, NULL),
(441, 54, 2016, 3.50, 0.00, 0.00, 0.00, 0.00, 3.50, 0.00, 0.00, 0.00, 672.000, NULL, 3, NULL),
(442, 55, 2016, 2.80, 0.00, 0.00, 0.00, 0.00, 2.00, 0.80, 0.00, 0.00, 94.500, NULL, 3, NULL),
(443, 56, 2016, 5.70, 0.00, 0.00, 0.00, 0.00, 3.20, 2.50, 0.00, 0.00, 1207.500, NULL, 3, NULL),
(444, 57, 2016, 12.50, 0.00, 0.00, 0.00, 0.00, 9.00, 1.00, 2.50, 0.00, 1344.000, NULL, 3, NULL),
(445, 58, 2016, 4.40, 0.00, 0.00, 0.00, 0.00, 2.40, 2.00, 0.00, 0.00, 1191.750, NULL, 3, NULL),
(446, 59, 2016, 5.45, 0.00, 0.00, 0.00, 0.00, 3.45, 2.00, 0.00, 0.00, 575.400, NULL, 2, NULL),
(447, 60, 2016, 2.40, 0.00, 0.00, 0.00, 0.00, 0.00, 1.00, 1.40, 0.00, 472.500, NULL, 1, NULL),
(448, 61, 2016, 2.20, 0.00, 0.00, 0.00, 0.00, 1.50, 0.70, 0.00, 0.00, 1395.450, NULL, 1, NULL),
(449, 62, 2016, 0.00, 2.50, 0.00, 0.00, 0.00, 0.00, 0.00, 0.00, 2.50, 724.500, NULL, 2, NULL),
(450, 63, 2016, 4.00, 0.00, 0.00, 0.00, 0.00, 1.70, 1.30, 1.00, 0.00, 98.700, NULL, 3, NULL),
(451, 64, 2016, 10.50, 0.00, 0.00, 0.00, 0.00, 10.00, 0.50, 0.00, 0.00, 606.900, NULL, 3, NULL),
(452, 65, 2016, 11.00, 0.00, 0.00, 0.00, 0.00, 6.00, 3.00, 2.00, 0.00, 472.500, NULL, 3, NULL),
(453, 66, 2016, 9.10, 0.00, 0.00, 0.00, 0.00, 0.00, 6.10, 3.00, 0.00, 393.750, NULL, 3, NULL),
(454, 67, 2016, 1.50, 3.60, 0.00, 0.00, 0.00, 2.20, 0.00, 2.90, 0.00, 246.750, NULL, 3, NULL),
(455, 68, 2016, 5.00, 0.00, 0.00, 0.00, 0.00, 4.00, 0.00, 1.00, 0.00, 928.200, NULL, 2, NULL),
(456, 69, 2016, 2.03, 3.97, 0.00, 0.00, 0.00, 2.03, 1.00, 2.97, 0.00, 183.750, NULL, 3, NULL),
(457, 70, 2016, 5.40, 0.00, 0.00, 0.00, 0.00, 5.40, 0.00, 0.00, 0.00, 997.500, NULL, 2, NULL),
(458, 71, 2016, 2.60, 0.00, 0.00, 0.00, 0.00, 0.00, 2.60, 0.00, 0.00, 252.000, NULL, 1, NULL),
(459, 72, 2016, 5.70, 0.00, 0.00, 0.00, 0.00, 4.10, 1.35, 0.25, 0.00, 2572.500, NULL, 1, NULL),
(460, 73, 2016, NULL, NULL, NULL, NULL, 0.00, NULL, NULL, NULL, NULL, NULL, NULL, NULL, NULL),
(461, 74, 2016, 2.70, 0.00, 0.00, 0.00, 0.00, 0.00, 2.70, 0.00, 0.00, 719.250, NULL, 2, NULL),
(462, 75, 2016, 0.00, 3.30, 0.50, 0.00, 0.00, 0.00, 1.80, 2.00, 0.00, 52.500, NULL, 3, NULL),
(463, 76, 2016, 2.85, 0.00, 0.00, 0.00, 0.00, 2.85, 0.00, 0.00, 0.00, 997.500, NULL, 2, NULL),
(464, 77, 2016, 1.50, 5.50, 0.00, 0.00, 0.00, 1.50, 2.00, 3.50, 0.00, 366.450, NULL, 3, NULL),
(465, 78, 2016, 3.60, 0.00, 0.00, 0.00, 0.00, 3.60, 0.00, 0.00, 0.00, 1123.500, NULL, 2, NULL),
(466, 79, 2016, 2.30, 0.00, 0.00, 0.00, 0.00, 1.30, 0.00, 1.00, 0.00, 1260.000, NULL, 2, NULL),
(467, 80, 2016, 3.65, 0.00, 0.00, 0.00, 0.00, 2.65, 1.00, 0.00, 0.00, 777.000, NULL, 3, NULL),
(468, 81, 2016, 2.70, 0.00, 0.00, 0.00, 0.00, 1.00, 1.50, 0.20, 0.00, 564.900, NULL, 3, NULL),
(469, 82, 2016, 4.10, 0.00, 0.00, 0.00, 0.00, 0.00, 2.10, 2.00, 0.00, 777.000, NULL, 1, NULL),
(470, 83, 2016, 3.25, 0.00, 0.00, 0.00, 0.00, 3.00, 0.25, 0.00, 0.00, 258.300, NULL, 2, NULL),
(471, 84, 2016, 4.10, 0.00, 0.00, 0.00, 0.00, 4.10, 0.00, 0.00, 0.00, 134.400, NULL, 3, NULL),
(472, 85, 2016, 4.40, 0.00, 0.00, 0.00, 0.00, 2.00, 0.00, 2.40, 0.00, 682.500, NULL, 3, NULL),
(473, 86, 2016, 5.10, 0.00, 0.00, 0.00, 0.00, 3.60, 1.00, 0.50, 0.00, 892.500, NULL, 3, NULL),
(474, 87, 2016, 3.90, 0.00, 0.00, 0.00, 0.00, 3.90, 0.00, 0.00, 0.00, 464.100, NULL, 3, NULL),
(475, 88, 2016, 4.00, 0.00, 0.50, 0.00, 0.00, 1.50, 2.00, 1.00, 0.00, 1207.500, NULL, 2, NULL),
(476, 89, 2016, 5.20, 0.00, 0.00, 0.00, 0.00, 4.00, 1.20, 0.00, 0.00, 603.750, NULL, 2, NULL),
(477, 90, 2016, NULL, NULL, NULL, NULL, 0.00, NULL, NULL, NULL, NULL, NULL, NULL, NULL, NULL),
(478, 91, 2016, 6.80, 0.00, 0.00, 0.00, 0.00, 5.70, 1.00, 0.10, 0.00, 779.100, NULL, 3, NULL),
(479, 92, 2016, 4.00, 1.00, 0.00, 0.00, 0.00, 2.60, 1.40, 1.00, 0.00, 393.750, NULL, 3, NULL),
(480, 93, 2016, 5.80, 0.00, 0.00, 0.00, 0.00, 4.30, 1.00, 0.50, 0.00, 777.000, NULL, 3, NULL),
(481, 94, 2016, 1.60, 3.40, 0.00, 0.00, 0.00, 1.60, 0.00, 3.40, 0.00, 257.250, NULL, 3, NULL),
(482, 95, 2016, 2.50, 4.50, 0.00, 0.00, 0.00, 2.70, 1.50, 2.80, 0.00, 278.250, NULL, 3, NULL),
(483, 96, 2016, 0.00, 5.00, 0.00, 0.00, 0.00, 0.00, 1.00, 3.00, 1.00, 404.250, NULL, 3, NULL),
(484, 97, 2016, 5.00, 0.00, 0.00, 0.00, 0.00, 0.00, 4.50, 0.50, 0.00, 262.500, NULL, 3, NULL),
(485, 98, 2016, 5.80, 0.60, 0.00, 0.00, 0.00, 3.70, 2.70, 0.00, 0.00, 341.250, NULL, 2, NULL),
(486, 99, 2016, 1.05, 0.00, 0.00, 0.00, 0.00, 0.50, 0.55, 0.00, 0.00, 966.000, NULL, 3, NULL),
(487, 100, 2016, 0.00, 2.19, 2.31, 0.00, 0.00, 2.81, 0.00, 1.69, 0.00, 239.400, NULL, 3, NULL),
(488, 101, 2016, 5.10, 0.00, 0.00, 0.00, 0.00, 2.00, 2.10, 1.00, 0.00, 882.000, NULL, 3, NULL),
(489, 102, 2016, 5.00, 0.00, 0.00, 0.00, 0.00, 2.50, 1.50, 1.00, 0.00, 674.100, NULL, 3, NULL),
(490, 103, 2016, 3.70, 0.00, 0.00, 0.00, 0.00, 0.00, 2.70, 1.00, 0.00, 656.250, NULL, 2, NULL),
(491, 104, 2016, 1.62, 0.00, 0.18, 0.00, 0.00, 1.00, 0.80, 0.00, 0.00, 729.750, NULL, 1, NULL),
(492, 105, 2016, 0.00, 3.80, 0.00, 0.00, 0.00, 0.00, 0.00, 0.00, 3.80, 10.500, NULL, 3, NULL),
(493, 106, 2016, 5.75, 0.00, 0.00, 0.00, 0.00, 4.75, 1.00, 0.00, 0.00, 558.600, NULL, 3, NULL),
(494, 107, 2016, 1.35, 0.00, 0.00, 0.00, 0.00, 1.35, 0.00, 0.00, 0.00, 619.500, NULL, 3, NULL),
(495, 108, 2016, 5.15, 0.00, 0.00, 0.00, 0.00, 5.00, 0.15, 0.00, 0.00, 682.500, NULL, 2, NULL),
(496, 109, 2016, 2.70, 0.00, 0.00, 0.00, 0.00, 1.50, 1.00, 0.20, 0.00, 365.400, NULL, 2, NULL),
(497, 110, 2016, 0.00, 1.80, 0.00, 0.00, 0.00, 1.80, 0.00, 0.00, 0.00, 892.500, NULL, 3, NULL),
(498, 111, 2016, 0.00, 5.00, 1.20, 0.00, 0.00, 4.95, 0.00, 1.25, 0.00, 474.600, NULL, 3, NULL),
(499, 112, 2016, 2.50, 0.00, 0.00, 0.00, 0.00, 0.00, 2.50, 0.00, 0.00, 789.600, NULL, 3, NULL),
(500, 113, 2016, 2.50, 0.00, 0.00, 0.00, 0.00, 2.50, 0.00, 0.00, 0.00, 669.900, NULL, 3, NULL),
(501, 114, 2016, 0.00, 0.00, 4.50, 0.00, 0.00, 0.00, 2.50, 2.00, 0.00, 480.900, NULL, 2, NULL),
(502, 115, 2016, 5.70, 0.00, 0.00, 0.00, 0.00, 4.70, 0.00, 1.00, 0.00, 655.200, NULL, 2, NULL),
(503, 116, 2016, 0.00, 0.00, 4.75, 0.00, 0.00, 0.00, 1.00, 3.75, 0.00, 764.400, NULL, 3, NULL),
(504, 117, 2016, 3.00, 1.30, 0.00, 0.00, 0.00, 2.00, 1.00, 1.30, 0.00, 875.700, NULL, 3, NULL),
(505, 118, 2016, 4.20, 1.10, 0.00, 0.00, 0.00, 5.30, 0.00, 0.00, 0.00, 756.000, NULL, 2, NULL),
(506, 119, 2016, 0.00, 5.60, 0.00, 0.00, 0.00, 0.00, 0.00, 5.60, 0.00, 50.400, NULL, 3, NULL),
(507, 120, 2016, 7.50, 0.00, 2.50, 0.00, 0.00, 5.00, 3.00, 2.00, 0.00, 458.850, NULL, 3, NULL),
(508, 121, 2016, 7.30, 0.70, 0.00, 0.00, 0.00, 7.30, 0.00, 0.70, 0.00, 653.100, NULL, 3, NULL),
(509, 122, 2016, 0.00, 4.50, 0.00, 0.00, 0.00, 0.00, 0.00, 4.50, 0.00, 239.400, NULL, 3, NULL),
(510, 123, 2016, 4.10, 0.00, 0.00, 0.00, 0.00, 0.00, 2.10, 2.00, 0.00, 359.100, NULL, 3, NULL),
(511, 124, 2016, 3.40, 0.00, 1.50, 0.00, 0.00, 3.40, 1.50, 0.00, 0.00, 565.950, NULL, 3, NULL),
(512, 125, 2016, 2.65, 0.00, 1.00, 0.00, 0.00, 2.65, 1.00, 0.00, 0.00, 409.500, NULL, 3, NULL),
(513, 126, 2016, 0.00, 0.00, 6.60, 0.00, 0.00, 0.00, 6.60, 0.00, 0.00, 331.800, NULL, 3, NULL),
(514, 127, 2016, 0.00, 0.00, 1.80, 0.00, 0.00, 1.80, 0.00, 0.00, 0.00, 300.300, NULL, 3, NULL),
(515, 128, 2016, 3.50, 0.00, 0.00, 0.00, 0.00, 3.50, 0.00, 0.00, 0.00, NULL, NULL, 3, NULL),
(516, 129, 2016, 4.50, 0.00, 0.00, 0.00, 0.00, 4.50, 0.00, 0.00, 0.00, NULL, NULL, 3, NULL),
(517, 130, 2016, 0.85, 0.00, 0.00, 0.00, 0.00, 0.65, 0.20, 0.00, 0.00, NULL, NULL, 1, NULL),
(518, 131, 2016, 0.00, 1.60, 1.00, 0.00, 0.00, 2.60, 0.00, 0.00, 0.00, NULL, NULL, 3, NULL),
(519, 132, 2016, 2.80, 0.00, 0.00, 0.00, 0.00, 0.00, 2.80, 0.00, 0.00, NULL, NULL, 3, NULL),
(520, 133, 2016, 0.00, 2.30, 1.00, 0.00, 0.00, 1.90, 1.40, 0.00, 0.00, NULL, NULL, 3, NULL),
(521, 134, 2016, 2.80, 0.00, 0.00, 0.00, 0.00, 2.80, 0.00, 0.00, 0.00, NULL, NULL, 3, NULL),
(522, 135, 2016, 1.00, 0.00, 2.00, 0.00, 0.00, 0.00, 3.00, 0.00, 0.00, NULL, NULL, 3, NULL),
(523, 136, 2016, 0.00, 2.10, 0.00, 0.00, 0.00, 0.00, 0.00, 2.10, 0.00, NULL, NULL, 3, NULL),
(524, 137, 2016, 2.80, 0.00, 0.00, 0.00, 0.00, 2.80, 0.00, 0.00, 0.00, NULL, NULL, 3, NULL),
(525, 138, 2016, 0.50, 0.00, 0.00, 0.00, 0.00, 0.30, 0.00, 0.20, 0.00, NULL, NULL, 3, NULL),
(526, 139, 2016, 3.80, 1.00, 1.20, 0.00, 0.00, 4.00, 0.00, 2.00, 0.00, NULL, NULL, 3, NULL),
(527, 140, 2016, 1.30, 0.00, 0.00, 0.00, 0.00, 1.30, 0.00, 0.00, 0.00, 367.500, NULL, 2, NULL),
(528, 141, 2016, 4.00, 0.00, 1.35, 0.00, 0.00, 4.35, 1.00, 0.00, 0.00, 446.250, NULL, 3, NULL),
(529, 142, 2016, 3.05, 0.00, 0.00, 0.00, 0.00, 3.05, 0.00, 0.00, 0.00, 894.600, NULL, 1, NULL),
(530, 143, 2016, 0.00, 0.00, 1.10, 0.00, 0.00, 0.00, 1.10, 0.00, 0.00, 798.000, NULL, 3, NULL),
(531, 144, 2016, 1.10, 0.00, 0.00, 0.00, 0.00, 1.10, 0.00, 0.00, NULL, 735.000, NULL, 3, NULL),
(532, 145, 2016, 0.00, 0.60, 6.00, 0.00, 0.00, 2.00, 4.00, 0.60, 0.00, 359.100, NULL, 3, NULL),
(533, 146, 2016, 2.10, 0.00, 0.00, 0.00, 0.00, 1.20, 0.90, 0.00, 0.00, 246.750, NULL, 3, NULL),
(534, 147, 2016, 0.00, 2.10, 0.00, 0.00, 0.00, 0.00, 0.50, 1.60, 0.00, NULL, NULL, 3, NULL),
(535, 148, 2016, 2.00, 0.00, 0.75, 0.00, 0.00, 2.75, 0.00, 0.00, 0.00, 661.500, NULL, 2, NULL),
(536, 149, 2016, 0.00, 2.10, 0.00, 0.00, 0.00, 0.00, 1.00, 1.10, 0.00, NULL, NULL, 3, NULL),
(537, 150, 2016, 0.00, 4.19, 2.18, 0.00, 0.00, 2.18, 0.00, 0.00, 4.19, 273.000, NULL, 3, NULL),
(538, 151, 2016, 6.10, 0.00, 0.00, 0.00, 0.00, 6.10, 0.00, 0.00, 0.00, 399.000, NULL, 3, NULL),
(539, 152, 2016, 1.00, 0.00, 2.20, 0.00, 0.00, 1.00, 2.00, 0.20, 0.00, 225.750, NULL, 3, NULL);
INSERT INTO `jln_jalannilai` (`nid`, `jid`, `tahun`, `aspal`, `makadam`, `beton`, `telford`, `tanah`, `baik`, `sedang`, `rusak`, `rusakberat`, `lhr`, `pci`, `akses`, `penduduk`) VALUES
(540, 153, 2016, 2.50, 7.30, 0.00, 0.00, 0.00, 3.70, 0.00, 3.60, 2.50, 446.250, NULL, 3, NULL),
(541, 154, 2016, 1.50, 0.00, 0.00, 0.00, 0.00, 0.00, 1.50, 0.00, 0.00, NULL, NULL, 3, NULL),
(542, 155, 2016, 0.00, 4.50, 0.00, 0.00, 0.00, 3.50, 0.00, 1.00, 0.00, 446.250, NULL, 1, NULL),
(543, 156, 2016, 0.00, 2.00, 0.00, 0.00, 0.00, 2.00, 0.00, 0.00, 0.00, NULL, NULL, 3, NULL),
(544, 157, 2016, 3.50, 0.00, 0.00, 0.00, 0.00, 2.50, 0.00, 1.00, 0.00, NULL, NULL, 3, NULL),
(545, 158, 2016, 0.00, 2.30, 0.00, 0.00, 0.00, 0.00, 2.30, 0.00, 0.00, NULL, NULL, 3, NULL),
(546, 159, 2016, 1.10, 0.00, 0.00, 0.00, 0.00, 0.00, 1.10, 0.00, 0.00, NULL, NULL, 3, NULL),
(547, 160, 2016, 4.50, 0.00, 0.00, 0.00, 0.00, 3.10, 1.40, 0.00, 0.00, 300.300, NULL, 3, NULL),
(548, 161, 2016, 2.40, 1.00, 2.00, 0.00, 0.00, 2.40, 1.40, 1.60, 0.00, NULL, NULL, 3, NULL),
(549, 162, 2016, 1.50, 0.00, 0.00, 0.00, 0.00, 1.50, 0.00, 0.00, 0.00, NULL, NULL, 3, NULL),
(550, 163, 2016, 0.00, 1.20, 0.00, 0.00, 0.00, 1.20, 0.00, 0.00, 0.00, NULL, NULL, 3, NULL),
(551, 164, 2016, 0.00, 5.00, 0.00, 0.00, 0.00, 0.00, 5.00, 0.00, 0.00, NULL, NULL, 3, NULL),
(552, 165, 2016, 3.00, 0.00, 0.00, 0.00, 0.00, 3.00, 0.00, 0.00, 0.00, NULL, NULL, 3, NULL),
(553, 166, 2016, 0.00, 11.20, 0.00, 0.00, 0.00, 0.00, 9.20, 2.00, 0.00, NULL, NULL, 3, NULL),
(554, 167, 2016, 4.50, 0.00, 0.00, 0.00, 0.00, 3.80, 0.70, 0.00, 0.00, 57.750, NULL, 3, NULL),
(555, 168, 2016, 0.00, 2.10, 0.00, 0.00, 0.00, 0.00, 0.00, 2.10, 0.00, NULL, NULL, 3, NULL),
(556, 169, 2016, 2.10, 0.00, 0.00, 0.00, 0.00, 2.10, 0.00, 0.00, 0.00, NULL, NULL, 3, NULL),
(558, 171, 2016, NULL, NULL, NULL, NULL, 0.00, NULL, NULL, NULL, NULL, NULL, NULL, NULL, NULL),
(562, 175, 2016, NULL, NULL, NULL, NULL, 0.00, NULL, NULL, NULL, NULL, NULL, NULL, NULL, NULL),
(563, 176, 2016, NULL, NULL, NULL, NULL, 0.00, NULL, NULL, NULL, NULL, NULL, NULL, NULL, NULL),
(564, 177, 2016, 5.80, 0.00, 0.00, 0.00, 0.00, 1.00, 4.80, 0.00, 0.00, 1496.250, NULL, 3, NULL),
(565, 178, 2016, 2.20, 0.00, 0.00, 0.00, 0.00, 0.00, 1.70, 0.50, 0.00, 52.500, NULL, 2, NULL),
(566, 179, 2016, 3.40, 0.00, 0.00, 0.00, 0.00, 3.40, 0.00, 0.00, 0.00, 1705.200, NULL, 3, NULL),
(567, 180, 2016, 1.00, 0.00, 0.00, 0.00, 0.00, 0.00, 0.00, 0.00, 1.00, 36.750, NULL, 3, NULL),
(568, 181, 2016, 0.40, 0.40, 0.00, 0.00, 0.00, 0.80, 0.00, 0.00, 0.00, 48.300, NULL, 3, NULL),
(569, 182, 2016, 6.70, 0.00, 0.00, 0.00, 0.00, 4.70, 2.00, 0.00, 0.00, 1312.500, NULL, 3, NULL),
(570, 183, 2016, 0.60, 0.00, 0.00, 0.00, 0.00, 0.00, 0.00, 0.60, 0.00, 1758.750, NULL, 2, NULL),
(571, 184, 2016, 0.30, 0.00, 0.00, 0.00, 0.00, 0.00, 0.30, 0.00, 0.00, 78.750, NULL, 3, NULL),
(572, 185, 2016, 1.90, 0.00, 0.00, 0.00, 0.00, 1.90, 0.00, 0.00, 0.00, 1541.400, NULL, 2, NULL),
(573, 186, 2016, 0.30, 0.00, 0.00, 0.00, 0.00, 0.30, 0.00, 0.00, 0.00, 78.750, NULL, 3, NULL),
(574, 187, 2016, 0.50, 0.00, 0.00, 0.00, 0.00, 0.50, 0.00, 0.00, 0.00, 63.000, NULL, 3, NULL),
(575, 188, 2016, 0.00, 0.30, 0.00, 0.00, 0.00, 0.00, 0.30, 0.00, 0.00, 52.500, NULL, 3, NULL),
(576, 189, 2016, 0.00, 0.30, 0.00, 0.00, 0.00, 0.00, 0.30, 0.00, 0.00, 73.500, NULL, 3, NULL),
(577, 190, 2016, 0.00, 0.25, 0.00, 0.00, 0.00, 0.00, 0.25, 0.00, 0.00, 78.750, NULL, 3, NULL),
(578, 191, 2016, 0.00, 0.40, 0.00, 0.00, 0.00, 0.00, 0.40, 0.00, 0.00, 78.750, NULL, 3, NULL),
(579, 192, 2016, 0.00, 0.40, 0.00, 0.00, 0.00, 0.00, 0.40, 0.00, 0.00, 84.000, NULL, 3, NULL),
(580, 193, 2016, 0.00, 0.30, 0.00, 0.00, 0.00, 0.00, 0.30, 0.00, 0.00, 68.250, NULL, 3, NULL),
(581, 194, 2016, 0.00, 0.20, 0.00, 0.00, 0.00, 0.00, 0.20, 0.00, 0.00, 94.500, NULL, 3, NULL),
(582, 195, 2016, 0.00, 0.25, 0.00, 0.00, 0.00, 0.00, 0.25, 0.00, 0.00, 57.750, NULL, 3, NULL),
(583, 196, 2016, 0.00, 0.90, 0.00, 0.00, 0.00, 0.00, 0.90, 0.00, 0.00, 73.500, NULL, 3, NULL),
(584, 197, 2016, 0.00, 0.50, 0.00, 0.00, 0.00, 0.00, 0.50, 0.00, 0.00, 78.750, NULL, 3, NULL),
(585, 198, 2016, 0.00, 1.59, 0.00, 0.00, 0.00, 0.00, 1.59, 0.00, 0.00, 157.500, NULL, 3, NULL),
(586, 199, 2016, 0.00, 1.50, 0.00, 0.00, 0.00, 0.00, 0.00, 1.50, 0.00, 52.500, NULL, 3, NULL),
(587, 200, 2016, 2.50, 0.00, 0.00, 0.00, 0.00, 1.50, 1.00, 0.00, 0.00, 474.600, NULL, 3, NULL),
(588, 201, 2016, 0.00, 0.25, 0.00, 0.00, 0.00, 0.00, 0.25, 0.00, 0.00, 78.750, NULL, 3, NULL),
(589, 202, 2016, 0.00, 1.10, 0.00, 0.00, 0.00, 0.00, 1.10, 0.00, 0.00, 73.500, NULL, 3, NULL),
(590, 203, 2016, 0.00, 0.70, 0.00, 0.00, 0.00, 0.00, 0.70, 0.00, 0.00, 73.500, NULL, 3, NULL),
(591, 204, 2016, 0.00, 0.70, 0.00, 0.00, 0.00, 0.00, 0.70, 0.00, 0.00, 157.500, NULL, 3, NULL),
(592, 205, 2016, 0.00, 0.15, 0.00, 0.00, 0.00, 0.00, 0.15, 0.00, 0.00, 73.500, NULL, 3, NULL),
(593, 206, 2016, 0.00, 0.60, 0.00, 0.00, 0.00, 0.00, 0.60, 0.00, 0.00, 78.750, NULL, 3, NULL),
(594, 207, 2016, 0.00, 0.60, 0.00, 0.00, 0.00, 0.00, 0.60, 0.00, 0.00, 105.000, NULL, 3, NULL),
(595, 208, 2016, 0.00, 0.70, 0.00, 0.00, 0.00, 0.00, 0.70, 0.00, 0.00, 84.000, NULL, 3, NULL),
(596, 209, 2016, 0.00, 0.70, 0.00, 0.00, 0.00, 0.00, 0.70, 0.00, 0.00, 73.500, NULL, 3, NULL),
(597, 210, 2016, 0.00, 0.70, 0.00, 0.00, 0.00, 0.00, 0.70, 0.00, 0.00, 73.500, NULL, 3, NULL),
(598, 211, 2016, 0.00, 0.70, 0.00, 0.00, 0.00, 0.00, 0.70, 0.00, 0.00, 73.500, NULL, 3, NULL),
(599, 212, 2016, 0.00, 0.30, 0.00, 0.00, 0.00, 0.00, 0.30, 0.00, 0.00, 84.000, NULL, 3, NULL),
(600, 213, 2016, 0.00, 0.20, 0.00, 0.00, 0.00, 0.20, 0.00, 0.00, 0.00, 94.500, NULL, 3, NULL),
(601, 214, 2016, 0.00, 0.10, 0.00, 0.00, 0.00, 0.10, 0.00, 0.00, 0.00, 84.000, NULL, 3, NULL),
(602, 215, 2016, 0.20, 0.00, 0.00, 0.00, 0.00, 0.20, 0.00, 0.00, 0.00, 73.500, NULL, 3, NULL),
(603, 216, 2016, 0.20, 0.00, 0.00, 0.00, 0.00, 0.20, 0.00, 0.00, 0.00, 78.750, NULL, 3, NULL),
(604, 217, 2016, 0.33, 0.00, 0.00, 0.00, 0.00, 0.33, 0.00, 0.00, 0.00, 157.500, NULL, 2, NULL),
(605, 218, 2016, 0.80, 0.00, 0.00, 0.00, 0.00, 0.60, 0.00, 0.20, 0.00, 656.250, NULL, 2, NULL),
(606, 219, 2016, 0.40, 0.00, 0.00, 0.00, 0.00, 0.40, 0.00, 0.00, 0.00, 78.750, NULL, 2, NULL),
(607, 220, 2016, 1.00, 0.00, 0.00, 0.00, 0.00, 0.00, 0.00, 1.00, 0.00, 63.000, NULL, 2, NULL),
(608, 221, 2016, 0.40, 0.00, 0.00, 0.00, 0.00, 0.40, 0.00, 0.00, 0.00, 126.000, NULL, 2, NULL),
(609, 222, 2016, 0.50, 0.00, 0.00, 0.00, 0.00, 0.00, NULL, 0.50, 0.00, 369.600, NULL, 2, NULL),
(610, 223, 2016, 0.60, 0.00, 0.00, 0.00, 0.00, 0.00, 0.00, 0.60, 0.00, 1197.000, NULL, 2, NULL),
(611, 224, 2016, 1.40, 0.00, 0.00, 0.00, 0.00, 1.40, 0.00, 0.00, 0.00, 262.500, NULL, 2, NULL),
(612, 225, 2016, 0.00, 0.20, 0.00, 0.00, 0.00, 0.20, 0.00, 0.00, 0.00, 73.500, NULL, 2, NULL),
(613, 226, 2016, 0.00, 0.20, 0.00, 0.00, 0.00, 0.20, 0.00, 0.00, 0.00, 73.500, NULL, 2, NULL),
(614, 227, 2016, 0.00, 0.40, 0.00, 0.00, 0.00, 0.40, 0.00, 0.00, 0.00, 89.250, NULL, 2, NULL),
(615, 228, 2016, 0.00, 0.30, 0.00, 0.00, 0.00, 0.00, 0.30, 0.00, 0.00, 89.250, NULL, 2, NULL),
(616, 229, 2016, 0.00, 0.30, 0.00, 0.00, 0.00, 0.00, 0.30, 0.00, 0.00, 84.000, NULL, 2, NULL),
(617, 230, 2016, 0.00, 0.20, 0.00, 0.00, 0.00, 0.00, 0.00, 0.20, 0.00, 89.250, NULL, 2, NULL),
(618, 231, 2016, 0.00, 0.40, 0.00, 0.00, 0.00, 0.40, 0.00, 0.00, 0.00, 94.500, NULL, 2, NULL),
(619, 232, 2016, 0.00, 0.60, 0.00, 0.00, 0.00, 0.00, 0.00, 0.60, 0.00, 99.750, NULL, 2, NULL),
(620, 233, 2016, 0.00, 0.20, 0.00, 0.00, 0.00, 0.00, 0.00, 0.20, 0.00, 84.000, NULL, 2, NULL),
(621, 234, 2016, 0.00, 0.20, 0.00, 0.00, 0.00, 0.00, 0.20, 0.00, 0.00, 84.000, NULL, 2, NULL),
(622, 235, 2016, 0.00, 0.20, 0.00, 0.00, 0.00, 0.00, 0.20, 0.00, 0.00, 73.500, NULL, 2, NULL),
(623, 236, 2016, 0.00, 0.20, 0.00, 0.00, 0.00, 0.00, 0.20, 0.00, 0.00, 78.750, NULL, 2, NULL),
(624, 237, 2016, 0.20, 0.00, 0.00, 0.00, 0.00, 0.00, 0.00, 0.20, 0.00, 84.000, NULL, 2, NULL),
(625, 238, 2016, 0.80, 0.00, 0.00, 0.00, 0.00, 0.00, 0.80, 0.00, 0.00, 94.500, NULL, 2, NULL),
(626, 239, 2016, 1.10, 0.00, 0.00, 0.00, 0.00, 0.00, 1.10, 0.00, 0.00, 84.000, NULL, 2, NULL),
(627, 240, 2016, 1.10, 0.00, 0.00, 0.00, 0.00, 0.00, 0.00, 1.10, 0.00, 168.000, NULL, 2, NULL),
(628, 241, 2016, 0.60, 0.00, 0.00, 0.00, 0.00, 0.60, 0.00, 0.00, 0.00, 131.250, NULL, 2, NULL),
(629, 242, 2016, 0.80, 0.00, 0.00, 0.00, 0.00, 0.80, 0.00, 0.00, 0.00, 84.000, NULL, 2, NULL),
(630, 243, 2016, 0.75, 0.00, 0.00, 0.00, 0.00, 0.75, 0.00, 0.00, 0.00, 94.500, NULL, 2, NULL),
(631, 244, 2016, 0.25, 0.00, 0.00, 0.00, 0.00, 0.00, 0.25, 0.00, 0.00, 78.750, NULL, 2, NULL),
(632, 245, 2016, 0.30, 0.00, 0.00, 0.00, 0.00, 0.00, 0.30, 0.00, 0.00, 99.750, NULL, 2, NULL),
(633, 246, 2016, 0.40, 0.00, 0.00, 0.00, 0.00, 0.20, 0.00, 0.20, 0.00, 1470.000, NULL, 2, NULL),
(634, 247, 2016, 0.40, 0.00, 0.00, 0.00, 0.00, 0.20, 0.20, 0.00, 0.00, 1260.000, NULL, 2, NULL),
(635, 248, 2016, 0.40, 0.00, 0.00, 0.00, 0.00, 0.40, 0.00, 0.00, 0.00, 371.700, NULL, 2, NULL),
(636, 249, 2016, 0.30, 0.00, 0.00, 0.00, 0.00, 0.30, 0.00, 0.00, 0.00, 399.000, NULL, 2, NULL),
(637, 250, 2016, 0.40, 0.00, 0.00, 0.00, 0.00, 0.40, 0.00, 0.00, 0.00, 100.800, NULL, 2, NULL),
(638, 251, 2016, 0.75, 0.00, 0.00, 0.00, 0.00, 0.75, 0.00, 0.00, 0.00, 1680.000, NULL, 2, NULL),
(639, 252, 2016, 0.55, 0.00, 0.00, 0.00, 0.00, 0.55, 0.00, 0.00, 0.00, 157.500, NULL, 2, NULL),
(640, 253, 2016, 0.25, 0.00, 0.00, 0.00, 0.00, 0.25, 0.00, 0.00, 0.00, 1260.000, NULL, 2, NULL),
(641, 254, 2016, 0.50, 0.00, 0.00, 0.00, 0.00, 0.50, 0.00, 0.00, 0.00, 1785.000, NULL, 2, NULL),
(642, 255, 2016, 0.25, 0.00, 0.00, 0.00, 0.00, 0.25, 0.00, 0.00, 0.00, 2520.000, NULL, 2, NULL),
(643, 256, 2016, 0.70, 0.00, 0.00, 0.00, 0.00, 0.70, 0.00, 0.00, 0.00, 1392.300, NULL, 2, NULL),
(644, 257, 2016, 0.65, 0.00, 0.00, 0.00, 0.00, 0.65, 0.00, 0.00, 0.00, 73.500, NULL, 2, NULL),
(645, 258, 2016, 0.20, 0.00, 0.00, 0.00, 0.00, 0.00, 0.00, 0.20, 0.00, 1302.000, NULL, 2, NULL),
(646, 259, 2016, 0.53, 0.00, 0.00, 0.00, 0.00, 0.53, 0.00, 0.00, 0.00, 63.000, NULL, 2, NULL),
(647, 260, 2016, 0.20, 0.00, 0.00, 0.00, 0.00, 0.20, 0.00, 0.00, 0.00, 971.250, NULL, 2, NULL),
(648, 261, 2016, 0.20, 0.00, 0.00, 0.00, 0.00, 0.20, 0.00, 0.00, 0.00, 1470.000, NULL, 2, NULL),
(649, 262, 2016, 0.30, 0.00, 0.00, 0.00, 0.00, 0.00, 0.00, 0.30, 0.00, 157.500, NULL, 2, NULL),
(650, 263, 2016, 0.40, 0.00, 0.00, 0.00, 0.00, 0.00, 0.00, 0.40, 0.00, 130.200, NULL, 2, NULL),
(651, 264, 2016, 0.40, 0.00, 0.00, 0.00, 0.00, 0.40, 0.00, 0.00, 0.00, 157.500, NULL, 2, NULL),
(652, 265, 2016, 0.40, 0.00, 0.00, 0.00, 0.00, 0.40, 0.00, 0.00, 0.00, 168.000, NULL, 2, NULL),
(653, 266, 2016, 0.15, 0.00, 0.00, 0.00, 0.00, 0.00, 0.00, 0.15, 0.00, 341.250, NULL, 2, NULL),
(654, 267, 2016, 0.13, 0.00, 0.00, 0.00, 0.00, 0.13, 0.00, 0.00, 0.00, 73.500, NULL, 2, NULL),
(655, 268, 2016, 0.90, 0.00, 0.00, 0.00, 0.00, 0.90, 0.00, 0.00, 0.00, 78.750, NULL, 2, NULL),
(656, 269, 2016, 0.25, 0.00, 0.00, 0.00, 0.00, 0.25, 0.00, 0.00, 0.00, 136.500, NULL, 2, NULL),
(657, 270, 2016, 1.60, 0.00, 0.00, 0.00, 0.00, 1.60, 0.00, 0.00, 0.00, 84.000, NULL, 2, NULL),
(658, 271, 2016, 0.15, 0.00, 0.00, 0.00, 0.00, 0.15, 0.00, 0.00, 0.00, 73.500, NULL, 2, NULL),
(659, 272, 2016, 0.60, 0.00, 0.00, 0.00, 0.00, 0.00, 0.00, 0.60, 0.00, 1260.000, NULL, 2, NULL),
(660, 273, 2016, 0.18, 0.00, 0.00, 0.00, 0.00, 0.18, 0.00, 0.00, 0.00, 84.000, NULL, 2, NULL),
(661, 274, 2016, 0.35, 0.00, 0.00, 0.00, 0.00, 0.35, 0.00, 0.00, 0.00, 94.500, NULL, 2, NULL),
(662, 275, 2016, 0.20, 0.00, 0.00, 0.00, 0.00, 0.20, 0.00, 0.00, 0.00, 73.500, NULL, 2, NULL),
(663, 276, 2016, 0.00, 1.00, 0.00, 0.00, 0.00, 0.00, 0.00, 1.00, 0.00, 84.000, NULL, 2, NULL),
(664, 277, 2016, 0.00, 0.35, 0.00, 0.00, 0.00, 0.35, 0.00, 0.00, 0.00, 168.000, NULL, 2, NULL),
(665, 278, 2016, 2.50, 0.00, 0.00, 0.00, 0.00, 1.50, 0.00, 1.00, 0.00, 1722.000, NULL, 2, NULL),
(666, 279, 2016, 0.70, 0.00, 0.00, 0.00, 0.00, 0.00, 0.00, 0.70, 0.00, 1207.500, NULL, 2, NULL),
(667, 280, 2016, 0.15, 0.00, 0.00, 0.00, 0.00, 0.00, 0.00, 0.15, 0.00, 89.250, NULL, 2, NULL),
(668, 281, 2016, 0.60, 0.00, 0.00, 0.00, 0.00, 0.60, 0.00, NULL, 0.00, 73.500, NULL, 2, NULL),
(669, 282, 2016, 0.00, 0.35, 0.00, 0.00, 0.00, 0.35, 0.00, NULL, 0.00, 94.500, NULL, 2, NULL),
(670, 283, 2016, 0.60, 0.00, 0.00, 0.00, 0.00, 0.60, 0.00, 0.00, 0.00, 78.750, NULL, 2, NULL),
(671, 284, 2016, 0.40, 0.00, 0.00, 0.00, 0.00, 0.40, 0.00, 0.00, 0.00, 273.000, NULL, 2, NULL),
(672, 285, 2016, 0.35, 0.00, 0.00, 0.00, 0.00, 0.35, 0.00, 0.00, 0.00, 73.500, NULL, 2, NULL),
(673, 286, 2016, 0.30, 0.00, 0.00, 0.00, 0.00, 0.30, 0.00, 0.00, 0.00, 63.000, NULL, 2, NULL),
(674, 287, 2016, 0.50, 0.00, 0.00, 0.00, 0.00, 0.50, 0.00, 0.00, 0.00, 94.500, NULL, 2, NULL),
(675, 288, 2016, 0.50, 0.00, 0.00, 0.00, 0.00, 0.50, 0.00, 0.00, 0.00, 294.000, NULL, 2, NULL),
(676, 289, 2016, 0.25, 0.00, 0.00, 0.00, 0.00, 0.25, 0.00, 0.00, 0.00, 262.500, NULL, 2, NULL),
(677, 290, 2016, 0.60, 0.00, 0.00, 0.00, 0.00, 0.60, 0.00, 0.00, 0.00, 231.000, NULL, 2, NULL),
(678, 291, 2016, 0.30, 0.00, 0.00, 0.00, 0.00, 0.30, 0.00, 0.00, 0.00, 252.000, NULL, 2, NULL),
(679, 292, 2016, 0.15, 0.00, 0.00, 0.00, 0.00, 0.15, 0.00, 0.00, 0.00, 94.500, NULL, 2, NULL),
(680, 293, 2016, 0.15, 0.00, 0.00, 0.00, 0.00, 0.15, 0.00, 0.00, 0.00, 73.500, NULL, 2, NULL),
(681, 294, 2016, 0.00, 0.15, 0.00, 0.00, 0.00, 0.15, 0.00, 0.00, 0.00, 73.500, NULL, 2, NULL),
(682, 295, 2016, 0.30, 0.00, 0.00, 0.00, 0.00, 0.00, 0.00, 0.30, 0.00, 472.500, NULL, 2, NULL),
(683, 296, 2016, 0.00, 0.30, 0.00, 0.00, 0.00, 0.00, 0.00, 0.30, 0.00, 446.250, NULL, 2, NULL),
(684, 297, 2016, 0.00, 1.00, 0.00, 0.00, 0.00, 0.00, 0.00, 1.00, 0.00, 273.000, NULL, 2, NULL),
(685, 298, 2016, 0.00, 0.40, 0.00, 0.00, 0.00, 0.40, 0.00, 0.00, 0.00, 252.000, NULL, 2, NULL),
(686, 299, 2016, 0.00, 0.35, 0.00, 0.00, 0.00, 0.35, 0.00, 0.00, 0.00, 94.500, NULL, 2, NULL),
(687, 300, 2016, 0.00, 0.20, 0.00, 0.00, 0.00, 0.20, 0.00, 0.00, 0.00, 84.000, NULL, 2, NULL),
(688, 301, 2016, 0.00, 0.50, 0.00, 0.00, 0.00, 0.00, 0.00, 0.50, 0.00, 73.500, NULL, 2, NULL),
(689, 302, 2016, 0.40, 0.00, 0.00, 0.00, 0.00, 0.00, 0.00, 0.40, 0.00, 304.500, NULL, 2, NULL),
(690, 303, 2016, 1.00, 0.00, 0.00, 0.00, 0.00, 0.00, 0.50, 0.50, 0.00, 367.500, NULL, 2, NULL),
(691, 304, 2016, 0.30, 0.00, 0.00, 0.00, 0.00, 0.30, 0.00, 0.00, 0.00, 336.000, NULL, 2, NULL),
(692, 305, 2016, 0.00, 1.00, 0.00, 0.00, 0.00, 1.00, 0.00, 0.00, 0.00, 357.000, NULL, 2, NULL),
(693, 306, 2016, 0.00, 0.30, 0.00, 0.00, 0.00, 0.00, 0.00, 0.30, 0.00, 252.000, NULL, 2, NULL),
(694, 307, 2016, 0.00, 0.30, 0.00, 0.00, 0.00, 0.00, 0.00, 0.30, 0.00, 94.500, NULL, 2, NULL),
(695, 308, 2016, 0.35, 0.00, 0.00, 0.00, 0.00, 0.35, 0.00, 0.00, 0.00, 168.000, NULL, 2, NULL),
(696, 309, 2016, 0.35, 0.00, 0.00, 0.00, 0.00, 0.35, 0.00, 0.00, 0.00, 126.000, NULL, 2, NULL),
(697, 310, 2016, 1.00, 0.00, 0.00, 0.00, 0.00, 0.70, 0.00, 0.30, 0.00, 1709.400, NULL, 2, NULL),
(698, 311, 2016, 1.00, 0.00, 0.00, 0.00, 0.00, 1.00, 0.00, 0.00, 0.00, 168.000, NULL, 2, NULL),
(699, 312, 2016, 1.00, 0.00, 0.00, 0.00, 0.00, 0.00, 0.50, 0.50, 0.00, 1470.000, NULL, 2, NULL),
(700, 313, 2016, 0.50, 0.00, 0.00, 0.00, 0.00, 0.50, 0.00, 0.00, 0.00, 393.750, NULL, 2, NULL),
(701, 314, 2016, 0.85, 0.00, 0.00, 0.00, 0.00, 0.00, 0.40, 0.45, 0.00, 357.000, NULL, 2, NULL),
(702, 315, 2016, 0.50, 0.00, 0.00, 0.00, 0.00, 0.50, 0.00, 0.00, 0.00, 1260.000, NULL, 2, NULL),
(703, 316, 2016, 0.70, 0.00, 0.00, 0.00, 0.00, 0.00, 0.00, 0.70, 0.00, 420.000, NULL, 2, NULL),
(704, 317, 2016, 0.80, 0.00, 0.00, 0.00, 0.00, 0.00, 0.80, 0.00, 0.00, 682.500, NULL, 2, NULL),
(705, 318, 2016, 1.00, 0.00, 0.00, 0.00, 0.00, 0.00, 1.00, 0.00, 0.00, 63.000, NULL, 2, NULL),
(706, 319, 2016, 0.80, 0.00, 0.00, 0.00, 0.00, 0.80, 0.00, 0.00, 0.00, 75.600, NULL, 2, NULL),
(707, 320, 2016, 0.00, 0.70, 0.00, 0.00, 0.00, 0.40, 0.00, 0.30, 0.00, 441.000, NULL, 2, NULL),
(708, 321, 2016, 0.60, 0.30, 0.00, 0.00, 0.00, 0.60, 0.00, 0.30, 0.00, 84.000, NULL, 2, NULL),
(709, 322, 2016, 0.25, 0.00, 0.00, 0.00, 0.00, 0.25, 0.00, 0.00, 0.00, 73.500, NULL, 2, NULL),
(710, 323, 2016, 0.00, 1.75, 0.00, 0.00, 0.00, 0.00, 0.00, 1.75, 0.00, 73.500, NULL, 2, NULL),
(711, 324, 2016, 0.00, 1.70, 0.00, 0.00, 0.00, 0.00, 0.00, 1.70, 0.00, 63.000, NULL, 2, NULL),
(712, 325, 2016, 0.00, 0.15, 0.00, 0.00, 0.00, 0.00, 0.00, 0.15, 0.00, 78.750, NULL, 2, NULL),
(713, 326, 2016, 0.00, 0.17, 0.00, 0.00, 0.00, 0.17, 0.00, 0.00, 0.00, 68.250, NULL, 2, NULL),
(714, 327, 2016, 0.15, 0.00, 0.00, 0.00, 0.00, 0.15, 0.00, 0.00, 0.00, 73.500, NULL, 2, NULL),
(715, 328, 2016, 0.00, 0.15, 0.00, 0.00, 0.00, 0.15, 0.00, 0.00, 0.00, 73.500, NULL, 2, NULL),
(716, 329, 2016, 0.00, 0.09, 0.00, 0.00, 0.00, 0.09, 0.00, 0.00, 0.00, 63.000, NULL, 2, NULL),
(717, 330, 2016, 0.00, 0.08, 0.00, 0.00, 0.00, 0.08, 0.00, 0.00, 0.00, 73.500, NULL, 2, NULL),
(718, 331, 2016, 0.70, 0.00, 0.00, 0.00, 0.00, 0.70, 0.00, 0.00, 0.00, 472.500, NULL, 2, NULL),
(719, 332, 2016, 0.00, 0.40, 0.00, 0.00, 0.00, 0.00, 0.00, 0.40, 0.00, 84.000, NULL, 2, NULL),
(720, 333, 2016, 0.40, 0.00, 0.00, 0.00, 0.00, 0.40, 0.00, 0.00, 0.00, 63.000, NULL, 2, NULL),
(721, 334, 2016, 0.42, 0.00, 0.00, 0.00, 0.00, 0.42, 0.00, 0.00, 0.00, 73.500, NULL, 2, NULL),
(722, 335, 2016, 0.93, 0.00, 0.00, 0.00, 0.00, 0.93, 0.00, 0.00, 0.00, 63.000, NULL, 2, NULL),
(723, 336, 2016, 0.41, 0.00, 0.00, 0.00, 0.00, 0.41, 0.00, 0.00, 0.00, 84.000, NULL, 2, NULL),
(724, 337, 2016, 0.27, 0.00, 0.00, 0.00, 0.00, 0.27, 0.00, 0.00, 0.00, 78.750, NULL, 2, NULL),
(725, 338, 2016, 0.00, 0.26, 0.00, 0.00, 0.00, 0.26, 0.00, 0.00, 0.00, 84.000, NULL, 2, NULL),
(726, 339, 2016, 0.00, 0.26, 0.00, 0.00, 0.00, 0.26, 0.00, 0.00, 0.00, 73.500, NULL, 2, NULL),
(727, 340, 2016, 0.00, 0.11, 0.00, 0.00, 0.00, 0.11, 0.00, 0.00, 0.00, 52.500, NULL, 2, NULL),
(728, 341, 2016, 0.00, 0.55, 0.00, 0.00, 0.00, 0.55, 0.00, 0.00, 0.00, 44.100, NULL, 2, NULL),
(729, 342, 2016, 0.00, 0.32, 0.00, 0.00, 0.00, 0.32, 0.00, 0.00, 0.00, 60.900, NULL, 2, NULL),
(730, 343, 2016, 0.00, 0.32, 0.00, 0.00, 0.00, 0.32, 0.00, 0.00, 0.00, 68.250, NULL, 2, NULL),
(731, 344, 2016, 0.00, 0.22, 0.00, 0.00, 0.00, 0.22, 0.00, 0.00, 0.00, 54.600, NULL, 2, NULL),
(732, 345, 2016, 0.00, 0.22, 0.00, 0.00, 0.00, 0.22, 0.00, 0.00, 0.00, 63.000, NULL, 2, NULL),
(733, 346, 2016, 0.00, 0.22, 0.00, 0.00, 0.00, 0.22, 0.00, 0.00, 0.00, 88.200, NULL, 2, NULL),
(734, 347, 2016, 0.00, 0.22, 0.00, 0.00, 0.00, 0.22, 0.00, 0.00, 0.00, 86.100, NULL, 2, NULL),
(735, 348, 2016, 0.00, 0.22, 0.00, 0.00, 0.00, 0.22, 0.00, 0.00, 0.00, 113.400, NULL, 2, NULL),
(736, 349, 2016, 0.00, 0.22, 0.00, 0.00, 0.00, 0.22, 0.00, 0.00, 0.00, 50.400, NULL, 2, NULL),
(737, 350, 2016, 0.00, 0.22, 0.00, 0.00, 0.00, 0.22, 0.00, 0.00, 0.00, 39.900, NULL, 2, NULL),
(738, 351, 2016, 0.00, 0.30, 0.00, 0.00, 0.00, 0.00, 0.00, 0.30, 0.00, 131.250, NULL, 2, NULL),
(739, 352, 2016, 0.00, 0.60, 0.00, 0.00, 0.00, 0.60, 0.00, 0.00, 0.00, 63.000, NULL, 2, NULL),
(740, 353, 2016, 0.00, 0.55, 0.00, 0.00, 0.00, 0.00, 0.00, 0.55, 0.00, 73.500, NULL, 2, NULL),
(741, 354, 2016, 0.00, 0.55, 0.00, 0.00, 0.00, 0.00, 0.00, 0.55, 0.00, 63.000, NULL, 2, NULL),
(742, 355, 2016, 0.00, 0.25, 0.00, 0.00, 0.00, 0.25, 0.00, 0.00, 0.00, 54.600, NULL, 2, NULL),
(743, 356, 2016, 0.00, 0.10, 0.00, 0.00, 0.00, 0.00, 0.00, 0.10, 0.00, 47.250, NULL, 2, NULL),
(744, 357, 2016, 0.00, 0.08, 0.00, 0.00, 0.00, 0.00, 0.00, 0.08, 0.00, 42.000, NULL, 2, NULL),
(745, 358, 2016, 0.00, 0.30, 0.00, 0.00, 0.00, 0.00, 0.00, 0.30, 0.00, 48.300, NULL, 2, NULL),
(746, 359, 2016, 0.00, 0.25, 0.00, 0.00, 0.00, 0.00, 0.00, 0.25, 0.00, 73.500, NULL, 2, NULL),
(747, 360, 2016, 0.00, 0.40, 0.00, 0.00, 0.00, 0.00, 0.00, 0.40, 0.00, 168.000, NULL, 2, NULL),
(748, 361, 2016, 0.00, 1.00, 0.00, 0.00, 0.00, 0.00, 1.00, 0.00, 0.00, 425.250, NULL, 2, NULL),
(749, 362, 2016, 0.00, 1.70, 0.00, 0.00, 0.00, 0.00, 0.00, 0.00, 1.70, 57.750, NULL, 2, NULL),
(750, 363, 2016, 0.00, 0.22, 0.00, 0.00, 0.00, 0.00, 0.00, 0.22, 0.00, 73.500, NULL, 2, NULL),
(751, 364, 2016, 0.00, 0.05, 0.00, 0.00, 0.00, 0.00, 0.00, 0.05, 0.00, 63.000, NULL, 2, NULL),
(752, 365, 2016, 0.00, 0.11, 0.00, 0.00, 0.00, 0.11, 0.00, 0.00, 0.00, 73.500, NULL, 2, NULL),
(753, 366, 2016, 0.00, 0.50, 0.00, 0.00, 0.00, 0.50, 0.00, 0.00, 0.00, 68.250, NULL, 2, NULL),
(754, 367, 2016, 0.00, 0.05, 0.00, 0.00, 0.00, 0.00, 0.00, 0.05, 0.00, 45.150, NULL, 2, NULL),
(755, 368, 2016, 0.00, 0.12, 0.00, 0.00, 0.00, 0.00, 0.00, 0.12, 0.00, 50.400, NULL, 2, NULL),
(756, 369, 2016, 0.00, 0.90, 0.00, 0.00, 0.00, 0.00, 0.00, 0.90, 0.00, 225.750, NULL, 2, NULL),
(757, 370, 2016, 0.00, 1.70, 0.00, 0.00, 0.00, 1.70, 0.00, 0.00, 0.00, 682.500, NULL, 2, NULL),
(758, 371, 2016, 0.00, 1.12, 0.00, 0.00, 0.00, 1.12, 0.00, 0.00, 0.00, 1092.000, NULL, 3, NULL),
(759, 372, 2016, 0.00, 4.02, 0.00, 0.00, 0.00, 4.02, 0.00, 0.00, 0.00, 1475.250, NULL, 3, NULL),
(760, 373, 2016, 0.00, 0.20, 0.00, 0.00, 0.00, 0.20, 0.00, 0.00, 0.00, 84.000, NULL, 3, NULL),
(761, 374, 2016, 0.30, 0.00, 0.00, 0.00, 0.00, 0.00, 0.30, 0.00, 0.00, 73.500, NULL, 3, NULL),
(762, 375, 2016, 0.60, 0.00, 0.00, 0.00, 0.00, 0.00, 0.60, 0.00, 0.00, 63.000, NULL, 3, NULL),
(763, 376, 2016, 0.65, 0.00, 0.00, 0.00, 0.00, 0.00, 0.65, 0.00, 0.00, 52.500, NULL, 3, NULL),
(764, 377, 2016, 0.37, 0.00, 0.00, 0.00, 0.00, 0.37, 0.00, 0.00, 0.00, 756.000, NULL, 3, NULL),
(765, 378, 2016, 0.60, 0.00, 0.00, 0.00, 0.00, 0.60, 0.00, 0.00, 0.00, 168.000, NULL, 3, NULL),
(766, 379, 2016, 0.15, 0.00, 0.00, 0.00, 0.00, 0.15, 0.00, 0.00, 0.00, 94.500, NULL, 3, NULL),
(767, 380, 2016, 0.25, 0.00, 0.00, 0.00, 0.00, 0.25, 0.00, 0.00, 0.00, 73.500, NULL, 3, NULL),
(768, 381, 2016, 0.00, 0.25, 0.00, 0.00, 0.00, 0.25, 0.00, 0.00, 0.00, 63.000, NULL, 3, NULL),
(769, 382, 2016, 0.25, 0.00, 0.00, 0.00, 0.00, 0.25, 0.00, 0.00, 0.00, 656.250, NULL, 3, NULL),
(770, 383, 2016, 0.25, 0.00, 0.00, 0.00, 0.00, 0.25, 0.00, 0.00, 0.00, 682.500, NULL, 3, NULL),
(771, 384, 2016, 0.35, 0.00, 0.00, 0.00, 0.00, 0.35, 0.00, 0.00, 0.00, 147.000, NULL, 3, NULL),
(772, 385, 2016, 0.30, 0.00, 0.00, 0.00, 0.00, 0.00, 0.00, 0.30, 0.00, 1312.500, NULL, 3, NULL),
(773, 386, 2016, 1.45, 0.00, 0.00, 0.00, 0.00, 1.45, 0.00, 0.00, 0.00, 777.000, NULL, 3, NULL),
(774, 387, 2016, 0.30, 0.00, 0.00, 0.00, 0.00, 0.30, 0.00, 0.00, 0.00, 73.500, NULL, 2, NULL);

-- --------------------------------------------------------

--
-- Struktur dari tabel `jln_kecamatan`
--

CREATE TABLE `jln_kecamatan` (
  `nid` int(11) NOT NULL,
  `jid` int(4) DEFAULT NULL,
  `kid` int(2) DEFAULT NULL
) ENGINE=InnoDB DEFAULT CHARSET=utf8;

--
-- Dumping data untuk tabel `jln_kecamatan`
--

INSERT INTO `jln_kecamatan` (`nid`, `jid`, `kid`) VALUES
(1, 1, 12),
(2, 2, 12),
(3, 3, 12),
(4, 4, 12),
(5, 5, 12),
(6, 6, 12),
(7, 7, 13),
(8, 8, 13),
(9, 9, 13),
(10, 10, 13),
(11, 11, 13),
(12, 12, 14),
(13, 13, 11),
(14, 14, 14),
(15, 15, 10),
(16, 16, 10),
(17, 17, 7),
(18, 17, 17),
(19, 18, 11),
(20, 19, 8),
(21, 20, 9),
(22, 21, 3),
(23, 22, 9),
(24, 23, 5),
(25, 24, 15),
(26, 25, 11),
(27, 26, 9),
(28, 26, 5),
(29, 27, 15),
(30, 27, 16),
(31, 28, 16),
(32, 29, 4),
(33, 30, 4),
(34, 30, 5),
(35, 31, 8),
(36, 32, 3),
(37, 32, 4),
(38, 33, 3),
(39, 34, 4),
(40, 34, 5),
(41, 35, 5),
(42, 36, 8),
(43, 36, 15),
(44, 37, 15),
(45, 37, 7),
(46, 38, 16),
(47, 39, 16),
(48, 39, 7),
(49, 40, 8),
(50, 40, 7),
(51, 41, 5),
(52, 41, 8),
(53, 42, 5),
(54, 43, 5),
(55, 43, 8),
(56, 44, 1),
(57, 44, 2),
(58, 45, 8),
(59, 46, 5),
(60, 46, 6),
(61, 47, 9),
(62, 48, 8),
(63, 49, 6),
(64, 49, 2),
(65, 50, 2),
(66, 51, 13),
(67, 52, 6),
(68, 53, 7),
(69, 54, 7),
(70, 55, 7),
(71, 56, 17),
(72, 57, 9),
(73, 57, 15),
(74, 58, 15),
(75, 59, 15),
(76, 60, 14),
(77, 61, 11),
(78, 62, 3),
(79, 63, 13),
(80, 64, 2),
(81, 65, 2),
(82, 65, 5),
(83, 66, 3),
(84, 66, 1),
(85, 67, 3),
(86, 68, 4),
(87, 69, 2),
(88, 70, 4),
(89, 71, 14),
(90, 72, 10),
(91, 72, 11),
(92, 73, 13),
(93, 74, 3),
(94, 75, 3),
(95, 76, 9),
(96, 77, 4),
(97, 78, 3),
(98, 79, 3),
(99, 80, 10),
(100, 81, 11),
(101, 82, 11),
(102, 83, 5),
(103, 84, 7),
(104, 85, 17),
(105, 86, 17),
(106, 87, 16),
(107, 88, 1),
(108, 89, 1),
(109, 90, 9),
(110, 91, 9),
(111, 92, 4),
(112, 93, 5),
(113, 93, 9),
(114, 94, 2),
(115, 95, 2),
(116, 96, 2),
(117, 97, 2),
(118, 98, 4),
(119, 99, 12),
(120, 100, 13),
(121, 101, 16),
(122, 102, 16),
(123, 103, 12),
(124, 104, 14),
(125, 105, 5),
(126, 106, 9),
(127, 107, 10),
(128, 108, 10),
(129, 109, 11),
(130, 110, 11),
(131, 111, 14),
(132, 112, 14),
(133, 113, 14),
(134, 114, 15),
(135, 115, 15),
(136, 116, 15),
(137, 117, 4),
(138, 118, 3),
(139, 119, 1),
(140, 120, 2),
(141, 121, 3),
(142, 121, 2),
(143, 122, 4),
(144, 123, 1),
(145, 124, 1),
(146, 125, 13),
(147, 126, 2),
(148, 127, 10),
(149, 128, 14),
(150, 129, 16),
(151, 130, 11),
(152, 131, 13),
(153, 132, 8),
(154, 133, 14),
(155, 134, 1),
(156, 135, 1),
(157, 136, 1),
(158, 137, 1),
(159, 138, 11),
(160, 139, 2),
(161, 140, 12),
(162, 141, 14),
(163, 142, 14),
(164, 143, 15),
(165, 144, 15),
(166, 145, 13),
(167, 146, 10),
(168, 147, 16),
(169, 148, 15),
(170, 149, 15),
(171, 150, 17),
(172, 151, 17),
(173, 152, 17),
(174, 153, 17),
(175, 154, 14),
(176, 155, 14),
(177, 155, 11),
(178, 156, 11),
(179, 157, 9),
(180, 158, 13),
(181, 159, 16),
(182, 160, 8),
(183, 160, 7),
(184, 161, 7),
(185, 162, 7),
(186, 163, 4),
(187, 164, 6),
(188, 165, 6),
(189, 166, 6),
(190, 167, 13),
(191, 168, 9),
(192, 169, 15),
(194, 171, 10),
(198, 175, 13),
(199, 176, 8),
(200, 177, 10),
(201, 178, 9),
(202, 179, 9),
(203, 180, 10),
(204, 181, 10),
(205, 182, 9),
(206, 183, 9),
(207, 184, 9),
(208, 185, 11),
(209, 186, 9),
(210, 187, 10),
(211, 188, 10),
(212, 189, 10),
(213, 190, 10),
(214, 191, 10),
(215, 192, 10),
(216, 193, 10),
(217, 194, 10),
(218, 195, 10),
(219, 196, 10),
(220, 197, 10),
(221, 198, 10),
(222, 199, 10),
(223, 200, 10),
(224, 201, 10),
(225, 202, 10),
(226, 203, 10),
(227, 204, 10),
(228, 205, 10),
(229, 206, 10),
(230, 207, 10),
(231, 208, 10),
(232, 209, 10),
(233, 210, 10),
(234, 211, 10),
(235, 212, 10),
(236, 213, 10),
(237, 214, 10),
(238, 215, 10),
(239, 216, 10),
(240, 217, 9),
(241, 218, 9),
(242, 219, 9),
(243, 220, 9),
(244, 221, 9),
(245, 222, 9),
(246, 223, 9),
(247, 224, 9),
(248, 225, 9),
(249, 226, 9),
(250, 227, 9),
(251, 228, 9),
(252, 229, 9),
(253, 230, 9),
(254, 231, 9),
(255, 232, 9),
(256, 233, 9),
(257, 234, 9),
(258, 235, 9),
(259, 236, 9),
(260, 237, 9),
(261, 238, 9),
(262, 239, 9),
(263, 240, 9),
(264, 241, 9),
(265, 242, 9),
(266, 243, 9),
(267, 244, 9),
(268, 245, 9),
(269, 246, 9),
(270, 247, 9),
(271, 248, 9),
(272, 249, 9),
(273, 250, 9),
(274, 251, 9),
(275, 252, 9),
(276, 253, 9),
(277, 254, 9),
(278, 255, 9),
(279, 256, 9),
(280, 257, 9),
(281, 258, 9),
(282, 259, 9),
(283, 260, 9),
(284, 261, 9),
(285, 262, 9),
(286, 263, 9),
(287, 264, 9),
(288, 265, 9),
(289, 266, 9),
(290, 267, 9),
(291, 268, 9),
(292, 269, 9),
(293, 270, 9),
(294, 271, 9),
(295, 272, 9),
(296, 273, 9),
(297, 274, 9),
(298, 275, 9),
(299, 276, 9),
(300, 277, 9),
(301, 278, 9),
(302, 279, 9),
(303, 280, 9),
(304, 281, 9),
(305, 282, 9),
(306, 283, 9),
(307, 284, 9),
(308, 285, 9),
(309, 286, 9),
(310, 287, 9),
(311, 288, 9),
(312, 289, 9),
(313, 290, 9),
(314, 291, 9),
(315, 292, 9),
(316, 293, 9),
(317, 294, 9),
(318, 295, 9),
(319, 296, 9),
(320, 297, 9),
(321, 298, 9),
(322, 299, 9),
(323, 300, 9),
(324, 301, 9),
(325, 302, 9),
(326, 303, 9),
(327, 304, 9),
(328, 305, 9),
(329, 306, 9),
(330, 307, 9),
(331, 308, 9),
(332, 309, 9),
(333, 310, 9),
(334, 311, 9),
(335, 312, 9),
(336, 313, 9),
(337, 314, 9),
(338, 315, 9),
(339, 316, 9),
(340, 317, 9),
(341, 318, 9),
(342, 319, 9),
(343, 320, 9),
(344, 321, 9),
(345, 322, 9),
(346, 323, 9),
(347, 324, 9),
(348, 325, 9),
(349, 326, 9),
(350, 327, 9),
(351, 328, 9),
(352, 329, 9),
(353, 330, 9),
(354, 331, 9),
(355, 332, 9),
(356, 333, 9),
(357, 334, 9),
(358, 335, 9),
(359, 336, 9),
(360, 337, 9),
(361, 338, 9),
(362, 339, 9),
(363, 340, 9),
(364, 341, 9),
(365, 342, 9),
(366, 343, 9),
(367, 344, 9),
(368, 345, 9),
(369, 346, 9),
(370, 347, 9),
(371, 348, 9),
(372, 349, 9),
(373, 350, 9),
(374, 351, 9),
(375, 352, 9),
(376, 353, 9),
(377, 354, 9),
(378, 355, 9),
(379, 356, 9),
(380, 357, 9),
(381, 358, 9),
(382, 359, 9),
(383, 360, 9),
(384, 361, 9),
(385, 362, 9),
(386, 363, 9),
(387, 364, 9),
(388, 365, 9),
(389, 366, 9),
(390, 367, 9),
(391, 368, 9),
(392, 369, 11),
(393, 370, 9),
(394, 371, 9),
(395, 372, 9),
(396, 373, 9),
(397, 374, 9),
(398, 375, 9),
(399, 376, 9),
(400, 377, 9),
(401, 378, 9),
(402, 379, 9),
(403, 380, 9),
(404, 381, 9),
(405, 382, 9),
(406, 383, 9),
(407, 384, 9),
(408, 385, 10),
(409, 386, 10),
(410, 387, 9);

-- --------------------------------------------------------

--
-- Struktur dari tabel `jln_pal`
--

CREATE TABLE `jln_pal` (
  `pid` int(5) NOT NULL,
  `jid` int(5) DEFAULT NULL,
  `pal` int(1) DEFAULT NULL,
  `awal` float(9,2) DEFAULT NULL,
  `akhir` float(9,2) DEFAULT NULL,
  `lebar` float(9,2) DEFAULT NULL,
  `tid` int(2) DEFAULT NULL,
  `kid` int(2) DEFAULT NULL,
  `hid` int(2) DEFAULT NULL
) ENGINE=InnoDB DEFAULT CHARSET=utf8;

--
-- Dumping data untuk tabel `jln_pal`
--

INSERT INTO `jln_pal` (`pid`, `jid`, `pal`, `awal`, `akhir`, `lebar`, `tid`, `kid`, `hid`) VALUES
(1, 1, 1, 0.00, 4.20, 6.00, 1, 2, 1),
(2, 2, 1, 0.00, 1.20, 8.00, 1, 2, 1),
(3, 3, 1, 0.00, 3.90, 16.00, 1, 1, 1),
(4, 4, 1, 0.00, 6.90, 6.00, 1, 1, 1),
(5, 5, 1, 0.00, 0.60, 5.00, 1, 1, 1),
(6, 6, 1, 0.00, 1.30, 4.00, 1, 2, 1),
(7, 7, 1, 0.00, 2.90, 4.00, 1, 4, 1),
(8, 8, 1, 0.00, 1.20, 5.00, 5, 3, 1),
(9, 8, 2, 1.20, 6.80, 5.00, 5, 3, 1),
(10, 8, 3, 6.80, 7.00, 5.00, 5, 4, 1),
(11, 9, 1, 0.00, 2.10, 3.00, 1, 4, 1),
(12, 9, 2, 2.10, 4.50, 3.00, 1, 4, 1),
(13, 9, 3, 4.50, 6.60, 3.00, 1, 4, 1),
(14, 9, 4, 6.60, 8.90, 4.00, 1, 4, 1),
(15, 10, 1, 0.00, 2.80, 3.00, 1, 5, 1),
(16, 11, 1, 0.00, 4.32, 4.00, 1, 3, 1),
(17, 12, 1, 0.00, 3.35, 4.00, 1, 1, 1),
(18, 13, 1, 0.00, 0.10, 11.00, 1, 3, 1),
(19, 13, 2, 0.10, 2.90, 4.00, 1, 3, 1),
(20, 14, 1, 0.00, 0.85, 5.00, 5, 1, 1),
(21, 14, 2, 0.85, 9.95, 4.00, 5, 1, 1),
(22, 15, 1, 0.00, 9.30, 4.00, 1, 2, 1),
(23, 16, 1, 0.00, 6.00, 4.00, 1, 2, 1),
(24, 17, 1, 0.00, 6.10, 3.00, 1, 2, 1),
(25, 18, 1, 0.00, 0.95, 6.00, 1, 2, 1),
(26, 19, 1, 0.00, 2.60, 6.00, 1, 1, 1),
(27, 20, 1, 0.00, 0.95, 3.00, 1, 1, 1),
(28, 21, 1, 0.00, 5.00, 4.00, 1, 5, 1),
(29, 22, 1, 0.00, 1.00, 4.00, 1, 5, 1),
(30, 23, 1, 0.00, 4.20, 4.00, 1, 5, 1),
(31, 24, 1, 0.00, 7.00, 3.00, 1, 1, 1),
(32, 25, 1, 0.00, 1.10, 4.00, 1, 4, 1),
(33, 26, 1, 0.00, 6.80, 5.00, 1, 1, 1),
(34, 27, 1, 0.00, 2.20, 4.00, 1, 4, 1),
(35, 28, 1, 0.00, 4.50, 4.00, 1, 2, 1),
(36, 29, 1, 0.00, 6.15, 4.00, 5, 1, 1),
(37, 30, 1, 0.00, 2.55, 4.00, 1, 1, 1),
(38, 31, 1, 0.00, 2.00, 4.00, 1, 5, 1),
(39, 32, 1, 0.00, 10.20, 4.00, 1, 1, 1),
(40, 33, 1, 0.00, 3.50, 4.00, 1, 2, 1),
(41, 34, 1, 0.00, 8.50, 4.00, 1, 1, 1),
(42, 35, 1, 0.00, 6.00, 5.00, 1, 2, 1),
(43, 36, 1, 0.00, 7.00, 4.00, 1, 2, 1),
(44, 37, 1, 0.00, 6.40, 4.00, 1, 1, 1),
(45, 37, 2, 6.40, 12.50, 4.00, 1, 1, 1),
(46, 38, 1, 0.00, 3.90, 4.00, 1, 2, 1),
(47, 39, 1, 0.00, 11.90, 4.00, 1, 1, 1),
(48, 40, 1, 0.00, 5.35, 6.00, 1, 2, 1),
(49, 40, 2, 5.35, 8.80, 4.00, 1, 2, 1),
(50, 41, 1, 0.00, 5.60, 6.00, 1, 2, 1),
(51, 42, 1, 0.00, 3.80, 5.00, 1, 1, 1),
(52, 43, 1, 0.00, 3.25, 4.00, 1, 1, 1),
(53, 44, 1, 0.00, 6.50, 3.00, 1, 1, 1),
(54, 44, 2, 6.50, 7.00, 4.00, 1, 1, 1),
(55, 45, 1, 0.00, 7.50, 4.00, 1, 2, 1),
(56, 46, 1, 0.00, 9.40, 4.00, 1, 2, 1),
(57, 47, 1, 0.00, 2.20, 3.00, 1, 1, 1),
(58, 48, 1, 0.00, 3.25, 4.00, 1, 2, 1),
(59, 49, 1, 0.00, 3.75, 4.00, 1, 1, 1),
(60, 50, 1, 0.00, 9.00, 3.00, 1, 1, 1),
(61, 50, 2, 9.00, 13.20, 4.00, 1, 1, 1),
(62, 51, 1, 0.00, 0.40, 4.00, 5, 2, 1),
(63, 51, 2, 0.40, 2.40, 4.00, 5, 2, 1),
(64, 51, 3, 2.40, 3.20, 4.00, 5, 4, 1),
(65, 52, 1, 0.00, 7.00, 4.00, 5, 5, 1),
(66, 53, 1, 0.00, 1.80, 3.00, 1, 2, 1),
(67, 54, 1, 0.00, 3.50, 3.00, 1, 2, 1),
(68, 55, 1, 0.00, 2.80, 3.00, 1, 2, 1),
(69, 56, 1, 0.00, 3.90, 4.00, 1, 2, 1),
(70, 57, 1, 0.00, 12.50, 4.00, 1, 1, 1),
(71, 58, 1, 0.00, 4.40, 4.00, 1, 1, 1),
(72, 59, 1, 0.00, 5.45, 3.50, 1, 1, 1),
(73, 60, 1, 0.00, 1.60, 8.00, 1, 1, 1),
(74, 60, 2, 1.60, 2.40, 8.00, 1, 3, 1),
(75, 61, 1, 0.00, 1.20, 4.00, 1, 5, 1),
(76, 61, 2, 1.20, 2.20, 3.00, 1, 5, 1),
(77, 62, 1, 0.00, 2.50, 4.00, 1, 5, 1),
(78, 63, 1, 0.00, 2.40, 3.00, 1, 4, 1),
(79, 63, 2, 2.40, 4.00, 3.00, 1, 4, 1),
(80, 64, 1, 0.00, 8.00, 4.00, 1, 1, 1),
(81, 64, 2, 8.00, 10.50, 4.00, 1, 1, 1),
(82, 65, 1, 0.00, 11.00, 4.00, 1, 1, 1),
(83, 66, 1, 0.00, 1.50, 4.00, 1, 1, 1),
(84, 66, 2, 1.50, 3.25, 4.00, 1, 1, 1),
(85, 66, 3, 3.25, 8.65, 4.00, 1, 1, 1),
(86, 66, 4, 8.65, 9.10, 4.00, 1, 1, 1),
(87, 67, 1, 0.00, 5.10, 4.00, 1, 4, 1),
(88, 68, 1, 0.00, 5.00, 4.00, 1, 1, 1),
(89, 69, 1, 0.00, 6.00, 4.00, 1, 3, 1),
(90, 70, 1, 0.00, 5.40, 4.00, 1, 1, 1),
(91, 71, 1, 0.00, 1.30, 4.00, 1, 2, 1),
(92, 71, 2, 1.30, 1.70, 4.00, 1, 2, 1),
(93, 71, 3, 1.70, 2.20, 2.50, 1, 2, 1),
(94, 71, 4, 2.20, 2.50, 4.00, 1, 2, 1),
(95, 71, 5, 2.50, 2.60, 4.00, 1, 2, 1),
(96, 72, 1, 0.00, 5.70, 4.00, 1, 1, 1),
(97, 73, 1, 0.00, 3.10, 4.00, 1, 4, 1),
(98, 73, 2, 3.10, 4.50, 4.00, 1, 4, 1),
(99, 74, 1, 0.00, 2.70, 4.00, 1, 2, 1),
(100, 75, 1, 0.00, 3.80, 4.00, 1, 4, 1),
(101, 76, 1, 0.00, 2.85, 4.00, 1, 2, 1),
(102, 77, 1, 0.00, 7.00, 4.00, 1, 3, 1),
(103, 78, 1, 0.00, 3.60, 5.00, 1, 2, 1),
(104, 79, 1, 0.00, 2.30, 4.00, 1, 1, 1),
(105, 80, 1, 0.00, 0.75, 4.00, 1, 2, 1),
(106, 80, 2, 0.75, 3.65, 4.00, 1, 2, 1),
(107, 81, 1, 0.00, 2.70, 4.00, 1, 1, 1),
(108, 82, 1, 0.00, 4.10, 4.00, 1, 2, 1),
(109, 83, 1, 0.00, 3.25, 4.00, 1, 1, 1),
(110, 84, 1, 0.00, 3.30, 3.00, 1, 1, 1),
(111, 85, 1, 0.00, 5.80, 3.00, 1, 1, 1),
(112, 86, 1, 0.00, 5.00, 4.00, 1, 3, 1),
(113, 87, 1, 0.00, 2.80, 4.00, 1, 2, 1),
(114, 88, 1, 0.00, 4.50, 4.00, 1, 1, 1),
(115, 89, 1, 0.00, 5.20, 4.00, 1, 3, 1),
(116, 90, 1, 0.00, 1.00, 3.00, 1, 4, 1),
(117, 90, 2, 1.00, 5.37, 4.00, 1, 4, 1),
(118, 91, 1, 0.00, 6.80, 4.00, 1, 1, 1),
(119, 92, 1, 0.00, 5.00, 4.00, 1, 2, 1),
(120, 93, 1, 0.00, 9.75, 4.00, 1, 1, 1),
(121, 94, 1, 0.00, 5.00, 4.00, 1, 4, 1),
(122, 95, 1, 0.00, 7.00, 4.00, 1, 3, 1),
(123, 96, 1, 0.00, 5.00, 4.00, 1, 2, 1),
(124, 97, 1, 0.00, 5.00, 4.00, 1, 1, 1),
(125, 98, 1, 0.00, 6.40, 4.00, 1, 4, 1),
(126, 99, 1, 0.00, 1.05, 4.00, 1, 1, 1),
(127, 100, 1, 0.00, 1.30, 4.00, 1, 4, 1),
(128, 100, 2, 1.30, 5.00, 4.00, 1, 4, 1),
(129, 101, 1, 0.00, 5.10, 3.00, 1, 2, 1),
(130, 102, 1, 0.00, 5.00, 3.00, 1, 2, 1),
(131, 103, 1, 0.00, 3.70, 3.50, 1, 2, 1),
(132, 104, 1, 0.00, 1.80, 4.00, 1, 2, 1),
(133, 105, 1, 0.00, 3.80, 2.50, 1, 5, 1),
(134, 106, 1, 0.00, 2.10, 4.00, 1, 2, 1),
(135, 106, 2, 2.10, 5.75, 3.00, 1, 2, 1),
(136, 107, 1, 0.00, 1.35, 4.00, 1, 1, 1),
(137, 108, 1, 0.00, 0.90, 3.00, 1, 2, 1),
(138, 108, 2, 0.90, 2.45, 3.00, 1, 2, 1),
(139, 108, 3, 2.45, 5.15, 3.00, 1, 2, 1),
(140, 109, 1, 0.00, 2.70, 3.00, 1, 1, 1),
(141, 110, 1, 0.00, 1.80, 3.00, 1, 2, 1),
(142, 111, 1, 0.00, 1.90, 3.00, 5, 1, 1),
(143, 111, 2, 1.90, 3.20, 3.00, 5, 1, 1),
(144, 111, 3, 3.20, 4.00, 3.00, 5, 1, 1),
(145, 112, 1, 0.00, 2.50, 4.00, 1, 1, 1),
(146, 113, 1, 0.00, 4.30, 3.00, 1, 4, 1),
(147, 114, 1, 0.00, 3.15, 3.00, 1, 5, 1),
(148, 114, 2, 3.15, 4.50, 3.00, 1, 5, 1),
(149, 115, 1, 0.00, 2.40, 3.00, 1, 1, 1),
(150, 115, 2, 2.40, 5.70, 3.00, 1, 1, 1),
(151, 116, 1, 0.00, 3.65, 3.00, 5, 1, 1),
(152, 116, 2, 3.65, 4.40, 3.50, 5, 4, 1),
(153, 117, 1, 0.00, 2.50, 4.00, 1, 2, 1),
(154, 117, 2, 2.50, 4.30, 3.00, 1, 2, 1),
(155, 118, 1, 0.00, 5.30, 3.00, 1, 3, 1),
(156, 119, 1, 0.00, 5.60, 4.00, 1, 4, 1),
(157, 120, 1, 0.00, 10.00, 3.50, 1, 3, 1),
(158, 121, 1, 0.00, 8.00, 4.00, 1, 2, 1),
(159, 122, 1, 0.00, 4.50, 3.50, 1, 3, 1),
(160, 123, 1, 0.00, 4.10, 4.00, 1, 1, 1),
(161, 124, 1, 0.00, 4.90, 3.00, 1, 3, 1),
(162, 177, 1, 0.00, 5.80, 6.00, 1, 1, 1),
(163, 178, 1, 0.00, 2.20, 3.00, 1, 1, 1),
(164, 179, 1, 0.00, 3.40, 6.00, 1, 1, 1),
(165, 180, 1, 0.00, 1.00, 4.00, 1, 1, 1),
(166, 181, 1, 0.00, 0.80, 4.00, 1, 1, 1),
(167, 182, 1, 0.00, 6.70, 6.00, 1, 1, 1),
(168, 183, 1, 0.00, 2.10, 6.00, 1, 1, 1),
(169, 185, 1, 0.00, 1.90, 6.00, 1, 4, 1),
(170, 186, 1, 0.00, 0.35, 3.00, 1, 1, 1),
(171, 187, 1, 0.00, 0.60, 5.00, 1, 1, 1),
(172, 188, 1, 0.00, 0.40, 3.00, 1, 4, 1),
(173, 189, 1, 0.00, 0.25, 3.00, 1, 4, 1),
(174, 190, 1, 0.00, 0.25, 3.00, 1, 4, 1),
(175, 191, 1, 0.00, 0.40, 3.00, 1, 4, 1),
(176, 192, 1, 0.00, 0.40, 3.00, 1, 4, 1),
(177, 193, 1, 0.00, 0.30, 3.00, 1, 4, 1),
(178, 194, 1, 0.00, 0.20, 3.00, 1, 4, 1),
(179, 195, 1, 0.00, 0.25, 3.00, 1, 4, 1),
(180, 196, 1, 0.00, 0.90, 3.00, 1, 4, 1),
(181, 197, 1, 0.00, 0.50, 5.00, 1, 4, 1),
(182, 198, 1, 0.00, 0.80, 3.00, 1, 4, 1),
(183, 199, 1, 0.00, 1.50, 4.00, 1, 4, 1),
(184, 200, 1, 0.00, 2.50, 4.00, 1, 2, 1),
(185, 201, 1, 0.00, 0.10, 2.00, 1, 1, 1),
(186, 201, 2, 0.10, 0.25, 2.00, 1, 1, 1),
(187, 202, 1, 0.00, 1.10, 8.00, 1, 1, 1),
(188, 203, 1, 0.00, 0.70, 8.00, 1, 4, 1),
(189, 204, 1, 0.00, 1.10, 2.00, 1, 4, 1),
(190, 205, 1, 0.00, 0.15, 2.50, 1, 4, 1),
(191, 206, 1, 0.00, 0.60, 3.00, 1, 4, 1),
(192, 207, 1, 0.00, 0.60, 3.00, 1, 4, 1),
(193, 208, 1, 0.00, 0.70, 2.50, 1, 4, 1),
(194, 209, 1, 0.00, 0.70, 2.50, 1, 4, 1),
(195, 210, 1, 0.00, 0.70, 2.00, 1, 4, 1),
(196, 211, 1, 0.00, 0.70, 2.50, 1, 4, 1),
(197, 212, 1, 0.00, 0.30, 2.50, 1, 4, 1),
(198, 213, 1, 0.00, 0.20, 1.80, 1, 4, 1),
(199, 214, 1, 0.00, 0.10, 2.00, 1, 4, 1),
(200, 215, 1, 0.00, 0.20, 3.00, 1, 4, 1),
(201, 216, 1, 0.00, 0.20, 3.00, 1, 4, 1),
(202, 217, 1, 0.00, 0.40, 4.00, 1, 1, 1),
(203, 218, 1, 0.00, 1.50, 3.50, 1, 1, 1),
(204, 219, 1, 0.00, 0.40, 3.50, 1, 1, 1),
(205, 220, 1, 0.00, 1.00, 3.00, 1, 1, 1),
(206, 221, 1, 0.00, 0.40, 3.00, 1, 1, 1),
(207, 222, 1, 0.00, 0.50, 3.00, 1, 1, 1),
(208, 223, 1, 0.00, 0.60, 4.00, 1, 1, 1),
(209, 224, 1, 0.00, 1.40, 4.00, 1, 1, 1),
(210, 225, 1, 0.00, 0.20, 3.00, 1, 4, 1),
(211, 226, 1, 0.00, 0.20, 3.00, 1, 4, 1),
(212, 227, 1, 0.00, 0.40, 2.50, 1, 4, 1),
(213, 228, 1, 0.00, 0.30, 3.00, 1, 4, 1),
(214, 229, 1, 0.00, 0.30, 3.00, 1, 4, 1),
(215, 230, 1, 0.00, 0.20, 2.50, 1, 4, 1),
(216, 231, 1, 0.00, 0.40, 2.50, 1, 1, 1),
(217, 232, 1, 0.00, 0.60, 3.00, 1, 1, 1),
(218, 233, 1, 0.00, 0.30, 3.00, 1, 2, 1),
(219, 234, 1, 0.00, 0.20, 3.00, 1, 2, 1),
(220, 235, 1, 0.00, 0.20, 3.00, 1, 2, 1),
(221, 236, 1, 0.00, 0.20, 3.00, 1, 2, 1),
(222, 237, 1, 0.00, 0.20, 3.00, 1, 2, 1),
(223, 238, 1, 0.00, 0.60, 2.50, 1, 2, 1),
(224, 238, 2, 0.60, 0.80, 2.50, 1, 2, 1),
(225, 239, 1, 0.00, 0.40, 3.00, 1, 2, 1),
(226, 239, 2, 0.40, 0.70, 3.00, 1, 2, 1),
(227, 240, 1, 0.00, 1.10, 4.00, 1, 2, 1),
(228, 241, 1, 0.00, 0.60, 4.00, 1, 2, 1),
(229, 242, 1, 0.00, 0.80, 3.00, 1, 2, 1),
(230, 243, 1, 0.00, 0.70, 3.00, 1, 2, 1),
(231, 244, 1, 0.00, 0.35, 4.00, 1, 2, 1),
(232, 245, 1, 0.00, 0.20, 2.00, 1, 2, 1),
(233, 246, 1, 0.00, 0.70, 2.00, 1, 2, 1),
(234, 247, 1, 0.00, 0.40, 4.00, 1, 2, 1),
(235, 248, 1, 0.00, 0.60, 12.00, 1, 2, 1),
(236, 249, 1, 0.00, 0.50, 8.00, 1, 2, 1),
(237, 250, 1, 0.00, 0.40, 4.00, 1, 1, 1),
(238, 251, 1, 0.00, 0.10, 4.00, 1, 1, 1),
(239, 252, 1, 0.00, 0.55, 3.00, 1, 1, 1),
(240, 253, 1, 0.00, 0.25, 3.00, 1, 1, 1),
(241, 254, 1, 0.00, 0.50, 6.00, 1, 1, 1),
(242, 255, 1, 0.00, 0.38, 6.00, 1, 1, 1),
(243, 256, 1, 0.00, 0.10, 2.00, 1, 1, 1),
(244, 257, 1, 0.00, 0.10, 3.00, 1, 1, 1),
(245, 258, 1, 0.00, 0.13, 10.00, 1, 1, 1),
(246, 259, 1, 0.00, 0.24, 3.00, 1, 1, 1),
(247, 260, 1, 0.00, 0.13, 10.00, 1, 1, 1),
(248, 261, 1, 0.00, 0.25, 4.00, 1, 1, 1),
(249, 262, 1, 0.00, 0.40, 4.00, 1, 1, 1),
(250, 263, 1, 0.00, 0.40, 4.00, 1, 1, 1),
(251, 264, 1, 0.00, 0.40, 4.00, 1, 1, 1),
(252, 265, 1, 0.00, 0.20, 2.50, 1, 1, 1),
(253, 266, 1, 0.00, 0.15, 4.00, 1, 1, 1),
(254, 267, 1, 0.00, 0.13, 3.00, 1, 2, 1),
(255, 268, 1, 0.00, 0.90, 3.00, 1, 2, 1),
(256, 269, 1, 0.00, 0.25, 3.00, 1, 1, 1),
(257, 270, 1, 0.00, 0.16, 2.00, 1, 1, 1),
(258, 271, 1, 0.00, 0.15, 3.00, 1, 1, 1),
(259, 272, 1, 0.00, 0.60, 3.50, 1, 1, 1),
(260, 273, 1, 0.00, 0.18, 4.00, 1, 1, 1),
(261, 274, 1, 0.00, 0.15, 4.00, 1, 1, 1),
(262, 275, 1, 0.00, 0.18, 2.00, 1, 1, 1),
(263, 276, 1, 0.00, 0.16, 2.50, 1, 1, 1),
(264, 277, 1, 0.00, 0.20, 4.00, 1, 1, 1),
(265, 278, 1, 0.00, 2.50, 6.00, 1, 2, 1),
(266, 279, 1, 0.00, 0.70, 6.00, 1, 2, 1),
(267, 280, 1, 0.00, 0.25, 3.00, 1, 4, 1),
(268, 281, 1, 0.00, 0.20, 4.00, 1, 4, 1),
(269, 282, 1, 0.00, 0.35, 3.00, 1, 4, 1),
(270, 283, 1, 0.00, 0.10, 3.00, 1, 4, 1),
(271, 284, 1, 0.00, 0.30, 4.00, 1, 4, 1),
(272, 285, 1, 0.00, 0.20, 4.00, 1, 4, 1),
(273, 286, 1, 0.00, 0.40, 3.00, 1, 4, 1),
(274, 287, 1, 0.00, 0.23, 4.00, 1, 4, 1),
(275, 288, 1, 0.00, 0.50, 4.00, 1, 4, 1),
(276, 289, 1, 0.00, 0.15, 4.00, 1, 2, 1),
(277, 290, 1, 0.00, 0.40, 4.00, 1, 1, 1),
(278, 291, 1, 0.00, 0.20, 4.00, 1, 1, 1),
(279, 292, 1, 0.00, 0.20, 4.00, 1, 1, 1),
(280, 293, 1, 0.00, 0.25, 2.50, 1, 1, 1),
(281, 294, 1, 0.00, 0.25, 2.50, 1, 1, 1),
(282, 295, 1, 0.00, 0.20, 4.00, 1, 1, 1),
(283, 296, 1, 0.00, 0.35, 3.00, 1, 1, 1),
(284, 297, 1, 0.00, 0.30, 3.00, 1, 1, 1),
(285, 298, 1, 0.00, 0.40, 3.00, 1, 4, 1),
(286, 299, 1, 0.00, 0.38, 3.00, 1, 4, 1),
(287, 300, 1, 0.00, 0.10, 3.00, 1, 4, 1),
(288, 301, 1, 0.00, 0.30, 3.00, 1, 4, 1),
(289, 302, 1, 0.00, 1.00, 3.00, 1, 4, 1),
(290, 303, 1, 0.00, 0.28, 4.00, 1, 1, 1),
(291, 304, 1, 0.00, 0.38, 3.00, 1, 1, 1),
(292, 305, 1, 0.00, 0.20, 2.00, 1, 4, 1),
(293, 306, 1, 0.00, 0.20, 2.50, 1, 5, 1),
(294, 307, 1, 0.00, 0.20, 4.00, 1, 4, 1),
(295, 308, 1, 0.00, 0.40, 3.00, 1, 4, 1),
(296, 309, 1, 0.00, 0.25, 3.00, 1, 4, 1),
(297, 310, 1, 0.00, 0.90, 6.00, 1, 2, 1),
(298, 311, 1, 0.00, 1.00, 3.00, 1, 5, 1),
(299, 312, 1, 0.00, 0.90, 4.00, 1, 2, 1),
(300, 313, 1, 0.00, 1.40, 4.00, 1, 1, 1),
(301, 314, 1, 0.00, 0.85, 2.50, 1, 1, 1),
(302, 315, 1, 0.00, 0.70, 4.00, 1, 5, 1),
(303, 316, 1, 0.00, 0.25, 3.00, 1, 4, 1),
(304, 317, 1, 0.00, 0.80, 6.00, 1, 2, 1),
(305, 318, 1, 0.00, 1.00, 4.00, 1, 5, 1),
(306, 319, 1, 0.00, 0.80, 4.00, 1, 5, 1),
(307, 320, 1, 0.00, 1.15, 3.00, 1, 4, 1),
(308, 321, 1, 0.00, 0.90, 3.00, 1, 4, 1),
(309, 322, 1, 0.00, 0.25, 3.00, 1, 4, 1),
(310, 323, 1, 0.00, 0.18, 3.00, 1, 4, 1),
(311, 324, 1, 0.00, 0.17, 3.00, 1, 4, 1),
(312, 325, 1, 0.00, 0.15, 3.00, 1, 4, 1),
(313, 326, 1, 0.00, 0.17, 3.00, 1, 4, 1),
(314, 327, 1, 0.00, 0.15, 2.00, 1, 4, 1),
(315, 328, 1, 0.00, 0.15, 3.00, 1, 4, 1),
(316, 329, 1, 0.00, 0.09, 2.00, 1, 4, 1),
(317, 330, 1, 0.00, 0.08, 3.00, 1, 4, 1),
(318, 331, 1, 0.00, 0.70, 4.00, 1, 4, 1),
(319, 332, 1, 0.00, 0.50, 4.00, 1, 4, 1),
(320, 333, 1, 0.00, 0.30, 3.00, 1, 2, 1),
(321, 334, 1, 0.00, 0.40, 3.00, 1, 4, 1),
(322, 335, 1, 0.00, 0.10, 3.00, 1, 4, 1),
(323, 336, 1, 0.00, 0.40, 3.00, 1, 4, 1),
(324, 337, 1, 0.00, 0.40, 3.00, 1, 4, 1),
(325, 338, 1, 0.00, 0.40, 3.00, 1, 4, 1),
(326, 339, 1, 0.00, 0.25, 3.00, 1, 4, 1),
(327, 340, 1, 0.00, 0.10, 3.00, 1, 4, 1),
(328, 341, 1, 0.00, 0.60, 2.50, 1, 4, 1),
(329, 342, 1, 0.00, 0.35, 2.50, 1, 4, 1),
(330, 343, 1, 0.00, 0.30, 3.00, 1, 4, 1),
(331, 344, 1, 0.00, 0.30, 2.50, 1, 4, 1),
(332, 345, 1, 0.00, 0.20, 2.50, 1, 4, 1),
(333, 346, 1, 0.00, 0.30, 2.00, 1, 4, 1),
(334, 347, 1, 0.00, 0.20, 4.00, 1, 4, 1),
(335, 348, 1, 0.00, 0.20, 2.50, 1, 4, 1),
(336, 349, 1, 0.00, 0.20, 2.50, 1, 4, 1),
(337, 350, 1, 0.00, 0.10, 2.00, 1, 4, 1),
(338, 351, 1, 0.00, 0.40, 2.50, 1, 4, 1),
(339, 352, 1, 0.00, 0.60, 3.00, 1, 4, 1),
(340, 353, 1, 0.00, 0.55, 3.00, 1, 4, 1),
(341, 354, 1, 0.00, 0.55, 4.00, 1, 4, 1),
(342, 355, 1, 0.00, 0.25, 3.00, 1, 4, 1),
(343, 356, 1, 0.00, 0.10, 3.00, 1, 4, 1),
(344, 357, 1, 0.00, 0.08, 3.00, 1, 4, 1),
(345, 358, 1, 0.00, 0.30, 3.00, 1, 4, 1),
(346, 359, 1, 0.00, 0.25, 3.00, 1, 4, 1),
(347, 360, 1, 0.00, 0.40, 3.00, 1, 4, 1),
(348, 361, 1, 0.00, 1.00, 4.00, 1, 4, 1),
(349, 362, 1, 0.00, 1.70, 5.00, 1, 5, 1),
(350, 363, 1, 0.00, 0.22, 3.00, 1, 4, 1),
(351, 364, 1, 0.00, 0.10, 3.00, 1, 4, 1),
(352, 365, 1, 0.00, 0.11, 3.00, 1, 4, 1),
(353, 366, 1, 0.00, 0.50, 4.00, 1, 4, 1),
(354, 367, 1, 0.00, 0.05, 3.00, 1, 4, 1),
(355, 368, 1, 0.00, 0.10, 3.00, 1, 4, 1),
(356, 369, 1, 0.00, 1.70, 3.00, 1, 4, 1),
(357, 370, 1, 0.00, 1.10, 4.00, 1, 1, 1),
(358, 371, 1, 0.00, 4.00, 4.00, 1, 1, 1),
(359, 372, 1, 0.00, 0.20, 4.00, 1, 1, 1),
(360, 373, 1, 0.00, 0.30, 4.00, 1, 1, 1),
(361, 374, 1, 0.00, 0.60, 4.00, 1, 2, 1),
(362, 375, 1, 0.00, 0.60, 4.00, 1, 2, 1),
(363, 376, 1, 0.00, 0.30, 4.00, 1, 2, 1),
(364, 377, 1, 0.00, 0.60, 4.00, 1, 1, 1),
(365, 378, 1, 0.00, 0.40, 3.00, 1, 2, 1),
(366, 379, 1, 0.00, 0.40, 3.00, 1, 2, 1),
(367, 380, 1, 0.00, 0.40, 3.00, 1, 2, 1),
(368, 381, 1, 0.00, 0.40, 3.00, 1, 2, 1),
(369, 382, 1, 0.00, 0.10, 6.00, 1, 2, 1),
(370, 383, 1, 0.00, 0.45, 2.00, 1, 1, 1),
(371, 384, 1, 0.00, 0.50, 4.00, 1, 1, 1),
(372, 385, 1, 0.00, 2.50, 2.50, 1, 4, 1),
(373, 386, 1, 0.00, 2.50, 4.00, 1, 2, 1),
(374, 387, 1, 0.00, 0.30, 2.00, 1, 2, 1),
(375, 184, 1, 0.00, 0.30, 3.00, 1, 2, 1),
(376, 141, 1, 0.00, 5.50, 3.50, 1, 2, 1),
(377, 142, 1, 0.00, 3.40, 4.00, 1, 2, 1),
(379, 143, 1, 0.00, 0.30, 4.00, 5, 1, 1),
(380, 143, 2, 0.30, 1.00, 4.00, 1, 1, 1),
(381, 144, 1, 0.00, 1.10, 4.00, 1, 1, 1),
(382, 145, 1, 0.00, 1.50, 3.00, 5, 1, 1),
(383, 145, 2, 1.50, 2.40, 3.00, 5, 1, 1),
(384, 145, 3, 2.40, 4.40, 3.00, 5, 2, 1),
(385, 145, 4, 4.40, 5.60, 3.00, 1, 2, 1),
(386, 146, 1, 0.00, 3.80, 3.00, 1, 4, 1),
(387, 167, 1, 0.00, 4.50, 5.00, 1, 1, 1),
(388, 150, 1, 0.00, 6.37, 3.00, 5, 3, 1),
(389, 148, 1, 0.00, 2.75, 3.00, 1, 5, 1),
(390, 151, 1, 0.00, 5.60, 3.00, 5, 1, 1),
(391, 152, 1, 0.00, 2.95, 3.00, 1, 1, 1),
(392, 160, 1, 0.00, 4.50, 3.00, 1, 1, 1),
(393, 153, 1, 0.00, 9.80, 4.00, 1, 5, 1),
(394, 155, 1, 0.00, 4.50, 4.00, 1, 3, 1),
(398, 128, 1, 0.00, 3.50, 3.00, 1, 1, 1),
(399, 175, 1, 0.00, 2.05, 4.00, 1, 4, 1),
(400, 130, 1, 0.00, 0.85, 6.00, 1, 2, 1),
(401, 131, 1, 0.00, 2.60, 4.00, 5, 1, 1),
(402, 132, 1, 0.00, 4.20, 3.00, 1, 4, 1),
(403, 133, 1, 0.00, 2.90, 3.50, 1, 4, 1),
(404, 176, 1, 0.00, 1.00, 3.00, 1, 4, 1),
(405, 134, 1, 0.00, 7.50, 3.00, 1, 4, 1),
(406, 135, 1, 0.00, 4.00, 3.00, 1, 4, 1),
(407, 136, 1, 0.00, 3.50, 3.00, 1, 4, 1);

-- --------------------------------------------------------

--
-- Struktur dari tabel `jln_riwayat`
--

CREATE TABLE `jln_riwayat` (
  `rid` int(11) NOT NULL,
  `jid` int(4) DEFAULT NULL,
  `tahun` year(4) DEFAULT NULL,
  `pekerjaan` varchar(500) DEFAULT NULL,
  `pelaksana` varchar(200) DEFAULT NULL,
  `keterangan` varchar(300) DEFAULT NULL
) ENGINE=InnoDB DEFAULT CHARSET=utf8;

--
-- Dumping data untuk tabel `jln_riwayat`
--

INSERT INTO `jln_riwayat` (`rid`, `jid`, `tahun`, `pekerjaan`, `pelaksana`, `keterangan`) VALUES
(1, 1, 2014, 'Pemeliharaan Berkala Jalan Ngasem - Colomadu', 'JALU TEHNIK.CV', 'Rp 994.600.000,00'),
(2, 1, 2015, 'Peningkatan Jalan Ngasem - Colomadu', '	CV. Putra Cakra Bersaudara', 'Rp 490.000.000,00'),
(3, 2, 2012, 'Peningkatan Jalan Colomadu - Kalipati', 'CV. NUSA INDAH', '	Rp 702.906.000,00'),
(4, 2, 2015, 'Peningkatan Jalan Colomadu - Kalipati', 'cv cahaya utama', 'Rp 991.589.000,00'),
(5, 3, 2013, 'Pemeliharaan Berkala Jalan Tohudan-Gedongan', 'cv.ristu mulya', 'Rp 358.000.000,00'),
(6, 4, 2014, 'Pemeliharaan Berkala Jalan Colomadu - Banyuanyar', 'CV. BINTANG HUTAMA', 'Rp 1.080.000.000,00'),
(7, 4, 2014, 'Pemeliharaan Berkala Jalan Colomadu - Banyuanyar Tahap 2', 'margomulyo', 'Rp 971.255.000,00'),
(8, 4, 2016, 'Peningkatan Jalan Colomadu - Banyuanyar', 'CV. KARYA PUTRA MULIYA', 'Rp 875.780.000,00'),
(9, 5, 2013, 'Pemeliharaan Berkala Jalan Klodran-Sawahan', 'CV. TRUKO RAHAYU', 'Rp 280.619.000,00'),
(10, 6, 2013, 'Pemeliharaan Berkala Jalan Danliris - Tohudan', 'cv. prima karya', 'Rp 580.242.000,00'),
(11, 6, 2016, 'Peningkatan Jalan Danliris - Tohudan', 'PT. RAHMADANNU ABADI JAYA', 'Rp 2.498.962.000,00'),
(12, 8, 2012, 'Pemeliharaan Berkala Jalan Mojosongo - Wonosari', 'CV KARANGJATI', ' Rp 1.475.071.000,00'),
(13, 8, 2013, 'Pemeliharaan Berkala Jalan Mojosongo - Wonosari', 'CV. NUSA INDAH', 'Rp 841.085.000,00'),
(14, 8, 2014, 'Pemeliharaan Berkala Jalan Mojosongo - Wonosari', 'PT. JAYA SEMPURNA SAKTI', 'Rp 3.255.000.000,00'),
(15, 9, 2014, 'Pemeliharaan Berkala Jalan Tuban - Wonosari', '	PT TAWAKAL TSANI MAKMUR', 'Rp 3.809.500.000,00'),
(16, 10, 2016, 'Peningkatan Jalan Jeruksawit - Karangturi', 'CV. BONAFIDE ABADI', 'Rp 829.736.000,00'),
(17, 11, 2013, 'Peningkatan Jalan Ngangkruk - Jeruksawit', 'cv.ristu mulya', 'Rp 377.979.000,00'),
(18, 13, 2016, 'Peningkatan Jalan Ngringo - Perumnas Palur', 'PT. SOBO REJO', 'Rp 2.657.944.000,00'),
(19, 14, 2011, 'Peningkatan Jalan Grompol - Jambangan', 'CV JAYA SEMPURNA ABADI', 'Rp 937.000.000,00'),
(20, 14, 2012, 'Peningkatan Jalan Grompol - Jambangan', 'CV JAYA SEMPURNA ABADI', 'Rp 816.853.000,00'),
(21, 14, 2013, 'Peningkatan Jalan Grompol - Jambangan', 'PT. TANGGUL JAYA', 'Rp 2.666.658.000,00'),
(22, 14, 2014, 'Peningkatan Jalan Grompol - Jambangan', 'CV. MULTIKARYA MANDIRI', 'Rp 486.916.000,00'),
(23, 14, 2015, 'Peningkatan Jalan Grompol - Jambangan', 'PT. JAYA SEMPURNA SAKTI', 'Rp 2.607.000.000,00'),
(24, 15, 2011, 'Peningkatan Jalan Tasikmadu - Waru', 'C.V.SOSRO KARYA', 'Rp 461.316.000,00'),
(25, 15, 2014, 'Pemeliharaan Berkala Jalan Tasikmadu - Waru', 'PT. KARYAJATI TATA MANDIRI', 'Rp 3.897.849.000,00'),
(26, 15, 2015, 'Peningkatan Jalan Tasikmadu - Waru', 'PT. HIDAYAH DUTA SARANA PUTRA', 'Rp 5.997.400.000,00'),
(27, 16, 2014, 'Peningkatan Jalan Tasikmadu - Kebakkramat', '	PT.KARYA BISA', 'Rp 3.730.000.000,00'),
(28, 16, 2014, 'Peningkatan Jalan Tasikmadu - Kebakkramat Tahap 2', 'PT. SARANA TEKNIKINDO', 'Rp 3.242.300.000,00'),
(30, 17, 2012, 'Pemeliharaan Berkala Jalan Ngargoyoso - Jenawi', 'CV. MULTIKARYA MANDIRI', 'Rp 296.244.000,00'),
(31, 18, 2015, 'Peningkatan Jalan Ocak Acik - Kayuapak', 'cv. sarana tata', 'Rp 897.176.000,00'),
(32, 21, 2015, 'Peningkatan Jalan Jagan - Lemahbang', 'cv.cahaya abadi', 'Rp 1.482.322.000,00'),
(33, 21, 2015, 'Peningkatan Jalan Jagan - Lemahbang Tahap II', 'CV. BONAFIDE ABADI', 'Rp 973.743.000,00'),
(34, 21, 2016, 'Peningkatan Jalan Jagan - Lemahbang', 'CV. TRUKO RAHAYU', 'Rp 2.150.000.000,00'),
(35, 22, 2011, 'Pemeliharaan Berkala Jalan Beningsari-Munggur', 'CV. BARATA PUTRA', 'Rp 501.269.000,00'),
(36, 23, 2014, 'Pemeliharaan Berkala Jalan Matesih - Plosorejo', 'CV N0Y0 R0N0', 'Rp 783.800.000,00'),
(37, 25, 2012, 'Peningkatan Jalan Dukuh-Jetis', 'CV N0Y0 R0N0', 'Rp 286.870.000,00'),
(38, 26, 2016, 'Peningkatan Jalan Karanganyar - Ngadiluwih', 'PT. RAHMADANNU ABADI JAYA', 'Rp 4.998.169.000,00'),
(39, 27, 2014, 'Peningkatan Jalan Batujamus - Kerjo', 'CV. MARGO ASRI', 'Rp 1.432.322.000,00'),
(40, 28, 2015, 'Pemeliharaan Berkala Jalan Kerjo - Tamansari', 'CV. MULTIKARYA MANDIRI', 'Rp 319.361.000,00'),
(41, 29, 2011, 'Pemeliharaan Berkala Jalan Sukosari - Jumantono', 'CV. ADHI KARYA SEJAHTERA', 'Rp 252.614.000,00'),
(42, 29, 2014, 'Peningkatan Jalan Sukosari - Jumantono', 'CV. TRUKO RAHAYU', 'Rp 2.088.000.000,00'),
(43, 31, 2012, 'Pemeliharaan Berkala Jalan Tunggul - Gantiwarno', 'CV. BARATA PUTRA', 'Rp 538.564.000,00'),
(44, 34, 2012, 'Pemeliharaan Berkala Jalan Jumantono - Matesih', 'CV. TARUNA MADYO KROMO', 'Rp 556.941.000,00'),
(45, 34, 2014, 'Pemeliharaan Berkala Jalan Jumantono - Matesih', 'cv. rejekining abadi', 'Rp 1.085.000.000,00'),
(46, 35, 2016, 'Peningkatan Jalan Ngadiluwih - Matesih', 'PT. PRIMA KARYA GRAHA', 'Rp 5.882.176.000,00'),
(47, 37, 2011, 'Peningkatan Jalan Pendem - Ngargoyoso', 'CV. TARUNA MADYO KROMO', 'Rp 511.737.000,00'),
(48, 37, 2012, 'Pemeliharaan Berkala Jalan Pendem - Ngargoyoso', 'CV. PRASARANA UTAMA', 'Rp 234.715.800,00'),
(49, 37, 2015, 'Pemeliharaan Berkala Jalan Pendem - Ngargoyoso', 'cv. dewanta jaya', 'Rp 969.098.000,00'),
(50, 39, 2016, 'Peningkatan Jalan Kutho - Ngargoyoso', 'PT. JAYA SEMPURNA SAKTI', 'Rp 14.234.000.000,00'),
(51, 40, 2013, 'Pemeliharaan Berkala Jalan Sudimoro - Ngargoyoso', '	C.V.SOSRO KARYA', 'Rp 474.305.000,00'),
(52, 40, 2016, 'Peningkatan Jalan Sudimoro - Ngargoyoso', '	PT. RAHARJA MULIA', 'Rp 9.300.456.000,00'),
(53, 44, 2015, 'Jasa Konsultansi Pengawasan Peningkatan Jalan Jatipuro - Jatiyoso', 'PT. DUTA BHUANA JAYA', 'Rp 78.870.000,00'),
(54, 44, 2015, 'Peningkatan Jalan Jatipuro - Jatiyoso', 'PT. PANCADARMA PUSPAWIRA', '	Rp 8.049.762.000,00'),
(55, 45, 2015, 'Peningkatan Jalan Gragalan - Blora', 'CV. MARTINA WIJAYA', 'Rp 994.015.000,00'),
(56, 46, 2016, 'Peningkatan Jalan Matesih - Tawangmangu', 'PT. SELO PROGO SAKTI', 'Rp 8.194.416.000,00'),
(57, 48, 2014, 'Pemeliharaan Berkala Jalan Srandon - Puntukrejo', 'CV SARWO INDAH', 'Rp 478.175.000,00'),
(58, 48, 2015, 'Pemeliharaan Berkala Jalan Srandon - Puntukrejo', 'C.V.SOSRO KARYA', 'Rp 481.298.000,00'),
(59, 48, 2016, 'Peningkatan Jalan Srandon - Puntukrejo', 'CV.SANJAYA', 'Rp 1.658.901.000,00'),
(60, 49, 2011, 'Pemeliharaan Berkala Jalan Sepanjang - Beruk', 'CV. PURI HANDAYANI', 'Rp 471.200.000,00'),
(61, 50, 2011, 'Pemeliharaan Berkala Jalan Jatiyoso - Beruk', 'CV UNGGUL SEJATI', 'Rp 546.244.000,00'),
(62, 50, 2014, 'Peningkatan Jalan Jatiyoso - Beruk', 'CV. ADHI KARYA SEJAHTERA', 'Rp 906.315.000,00'),
(63, 51, 2016, '	Peningkatan Jalan Tuban - Jambu', 'CV. BATU PRIMA', 'Rp 470.024.000,00'),
(64, 52, 2012, 'Pemeliharaan Berkala jalan Tawangmangu-Sukuh', 'CV. SATRIA UTAMA', 'Rp 674.166.000,00'),
(65, 54, 2015, 'Peningkatan Jalan Ngargoyoso - Kadipekso', 'cv. rejekining abadi', 'Rp 1.064.600.000,00'),
(66, 54, 2015, 'Peningkatan Jalan Ngargoyoso - Kadipekso', 'PT. RAHMADANNU ABADI JAYA', 'Rp 2.533.842.000,00'),
(67, 55, 2014, 'Pemeliharaan Berkala Jalan Kadipekso - Cetho', 'JALU TEHNIK.CV', 'Rp 969.783.000,00'),
(68, 56, 2014, 'Peningkatan Jalan Jenawi - Seloromo', 'CV. KARYA CIPTA UTAMA', 'Rp 2.241.000.000,00'),
(69, 57, 2014, 'Pemeliharaan Berkala Jalan Beji - Pojok', 'PT TAWAKAL TSANI MAKMUR', 'Rp 4.096.700.000,00'),
(70, 57, 2015, 'Peningkatan Jalan Beji - Pojok', 'CV. Sari Makmur', '	Rp 1.950.056.000,00'),
(71, 57, 2015, 'Peningkatan Jalan Beji - Pojok Tahap II', 'PT. Yatnosons', 'Rp 2.534.476.000,00'),
(72, 58, 2011, 'Pemeliharaan Berkala jalan Gebyok - Munggur', 'CV. TARUNA MADYO KROMO', 'Rp 361.000.000,00'),
(73, 58, 2015, 'Peningkatan Jalan Gebyok - Munggur', 'PT. TANGGUL JAYA', 'Rp 3.924.109.000,00'),
(74, 58, 2016, 'Peningkatan Jalan Gebyok - Munggur', 'CV KARANGJATI', 'Rp 1.206.927.000,00'),
(75, 59, 2011, 'Peningkatan Jalan Jambangan - Pendem', '	CV. DUTA KENCANA JAYA', 'Rp 381.959.000,00'),
(76, 59, 2012, 'Pemeliharaan Berkala Jalan Jambangan - Pendem', 'tursilo nugroho', 'Rp 334.490.000,00'),
(77, 59, 2013, 'Pemeliharaan Berkala Jalan Jambangan - Pendem', 'CV. TRUKO RAHAYU', 'Rp 518.380.000,00'),
(78, 61, 2011, 'Pemeliharaan Berkala Jalan Palur-Dalon', 'CV. PURI HANDAYANI', 'Rp 322.563.000,00'),
(79, 63, 2015, 'Peningkatan Jalan Wonosari - Kragan', 'CV. BERLIAN SUTOSETIKO', 'Rp 862.933.000,00'),
(80, 64, 2011, 'Peningkatan Jalan Jatiyoso - Wonokeling', '	CV. PERWITA UTAMA', 'Rp 652.324.000,00'),
(81, 64, 2012, 'Pemeliharaan Berkala Jalan Jatiyoso - Wonokeling', 'CV. PALUR INDAH', 'Rp 396.464.000,00'),
(82, 64, 2013, 'Pemeliharaan Berkala Jalan Jatiyoso - Wonokeling', 'CV. ADHI KARYA SEJAHTERA', 'Rp 817.529.000,00'),
(83, 66, 2011, 'Peningkatan Jalan Jumapolo - Jatipuro', 'C.V.SOSRO KARYA', 'Rp 262.963.000,00'),
(84, 67, 2015, 'Pemeliharaan Berkala Jalan Jumapolo - Kedawung', 'CV. SUKA DANA', 'Rp 481.411.000,00'),
(85, 67, 2016, 'Peningkatan Jalan Jumapolo - Kedawung', 'CV. RINGAS', 'Rp 946.311.000,00'),
(86, 68, 2015, 'Peningkatan Jalan Sedayu - Kebak', 'PT.BUDI KARYA LUHUR', 'Rp 3.951.952.000,00'),
(87, 69, 2016, 'Peningkatan Jalan Beruk - Wonokeling', 'PT. WIKANANDARU MULTI LAKSANA', 'Rp 2.756.375.000,00'),
(88, 70, 2011, 'Peningkatan Jalan Tugu - Kebak', 'CV. TARUNA MADYO KROMO', 'Rp 596.683.000,00'),
(89, 70, 2013, 'Peningkatan Jalan Tugu - Kebak', 'margomulyo', 'Rp 624.066.000,00'),
(90, 72, 2011, '	Peningkatan Jalan Tasikmadu - Dagen', 'CV. Sari Makmur', '	Rp 833.028.000,00'),
(91, 72, 2012, '	Peningkatan Jalan Tasikmadu - Dagen', 'CV. Sari Makmur', 'Rp 1.185.585.000,00'),
(92, 72, 2014, '	Peningkatan Jalan Tasikmadu - Dagen', 'CIPTA GRAHA', 'Rp 1.884.550.000,00'),
(93, 72, 2014, '	Peningkatan Jalan Tasikmadu - Dagen Tahap 2', 'CV KARANGJATI', '	Rp 1.454.134.000,00'),
(94, 72, 2015, '	Peningkatan Jalan Tasikmadu - Dagen', 'cv. sarana tata', 'Rp 1.140.509.000,00'),
(95, 75, 2012, 'Peningkatan Jalan Jagan - Tulakan ', 'CV. PUTRA JAYA', 'Rp 237.069.000,00'),
(96, 76, 2015, 'Peningkatan Jalan Kayuapak - Ngaliyan', 'PT. RAHMADANNU ABADI JAYA', 'Rp 2.981.876.000,00'),
(97, 77, 2012, 'Peningkatan Jalan Gemantar - Tunggulrejo', 'CV.WAHYU MANUNGGAL', 'Rp 424.466.000,00'),
(99, 79, 2011, 'Pemeliharaan Berkala Jalan Tanjung - Tulakan', 'CV. Sekar Indo Pratama', 'Rp 420.966.000,00'),
(100, 80, 2014, 'Peningkatan Jalan Tasikmadu - Wonolopo', 'CV. SINAR HADI KARYA', 'Rp 768.584.000,00'),
(101, 80, 2016, 'Peningkatan Jalan Tasikmadu - Wonolopo', 'CV. DUTA KENCANA JAYA', 'Rp 2.010.385.000,00'),
(102, 81, 2011, 'Pemeliharaan Berkala Jalan Geneng - Jetis', 'CV. SUTRO MANUNGGAL KARYO', 'Rp 294.953.000,00'),
(103, 82, 2015, 'Pemeliharaan Berkala Jalan Jaten - Jetis', 'CV. SARANA MULYA', 'Rp 955.538.000,00'),
(104, 82, 2016, 'Peningkatan Jalan Jaten - Jetis', 'PT. PRAJA GHUPTA', 'Rp 2.715.458.000,00'),
(105, 83, 2011, 'Peningkatan Jalan Girilayu - Watusambang', 'CV. PURI HANDAYANI', 'Rp 916.848.000,00'),
(106, 84, 2011, 'Pemeliharaan Berkala Jalan Berjo - Tlogomadirdo', 'CV. TARUNA MADYO KROMO', 'Rp 412.240.000,00'),
(107, 85, 2015, 'Peningkatan Jalan Kadipekso - Jenawi', 'PT.ARIES', 'Rp 5.902.753.000,00'),
(108, 86, 2011, 'Peningkatan Jalan Jenawi - Anggrasmanis', 'CV. SINAR HADI KARYA', 'Rp 473.920.000,00'),
(109, 86, 2012, 'Pemeliharaan Berkala Jalan Jenawi - Anggrasmanis', 'DIAN DEWI, CV', 'Rp 867.337.000,00'),
(110, 87, 2012, 'Pemeliharaan Berkala Jalan Sumberejo - Tawangsari', 'cv cahaya utama', 'Rp 385.666.000,00'),
(111, 87, 2014, 'Pemeliharaan Berkala Jalan Sumberejo - Tawangsari', 'LEGRA SEJAHTERA. CV', 'Rp 635.532.000,00'),
(112, 88, 2016, 'Peningkatan Jalan Jatipuro - Klerong', 'PT. RAHMADANNU ABADI JAYA', 'Rp 3.743.928.000,00'),
(113, 89, 2011, 'Pemeliharaan Berkala Jalan Ngasem - Klerong', 'CV.WAHYU MANUNGGAL', 'Rp 365.059.000,00'),
(114, 92, 2013, 'Pemeliharaan Berkala Jalan Gemantar - Kebak', 'DIAN DEWI, CV', 'Rp 925.551.000,00'),
(115, 93, 2011, 'Pemeliharaan Berkala Jalan Matesih - Tegalgede', 'CV. BONAFIDE ABADI', 'Rp 715.516.000,00'),
(116, 94, 2012, '	Pemeliharaan Berkala Jalan Jatiyoso-Jatisawit', 'CV. ADHI KARYA SEJAHTERA', 'Rp 482.117.000,00'),
(117, 95, 2013, 'Pemeliharaan Berkala Jalan Petung - Ngepungsari', 'CV. Putra Cakra Bersaudara', 'Rp 715.000.000,00'),
(118, 95, 2016, 'Pemeliharaan Berkala Jalan Petung - Ngepungsari', 'CV. Cakra Kembang', 'Rp 1.700.000.000,00'),
(119, 96, 2016, 'peningkatan jalan tlobo - wonorejo', 'PT.TIRTA HANDAYANI RAYA', '	Rp 2.732.076.000,00'),
(120, 98, 2011, 'Peningkatan Jalan Gembong - Blorong', 'CV. Sari Makmur', 'Rp 495.148.000,00'),
(121, 98, 2014, 'Pemeliharaan Jalan Gembong - Blorong', 'cv. rejekining abadi', 'Rp 876.250.000,00'),
(122, 98, 2014, 'Peningkatan Jalan Gembong - Blorong Tahap 2', 'CV. BANGUN NUSANTARA', 'Rp 980.868.000,00'),
(123, 98, 2015, 'Peningkatan Jalan Gembong - Blorong', 'CV. SAKA TUNGGAL', 'Rp 382.573.000,00'),
(124, 99, 2016, 'Peningkatan Jalan Baturan - Banyuanyar', 'CV. Sari Makmur', 'Rp 2.315.494.000,00'),
(125, 100, 2016, 'Peningkatan Jalan Jatikuwung - Rejosari', 'cv. rejekining abadi', 'Rp 1.157.584.000,00'),
(126, 101, 2014, 'Pemeliharaan Berkala Jalan Kerjo - Seloromo', 'CV. BAYU AJI', 'Rp 673.750.000,00'),
(127, 104, 2014, 'Peningkatan Jalan Nangsri - Dawung', 'CV. ROYYAN SEJAHTERA ABADI', 'Rp 428.476.000,00'),
(128, 104, 2016, 'Peningkatan Jalan Nangsri - Dawung', 'proses lelang', ''),
(129, 106, 2012, 'Pemeliharaan Berkala Jalan Depok - Punukan', 'CV. PERWITA UTAMA', 'Rp 478.996.000,00'),
(130, 106, 2013, 'Peningkatan Jalan Depok - Punukan', 'LEGRA SEJAHTERA. CV', '	Rp 379.416.000,00'),
(131, 106, 2014, 'Pemeliharaan Berkala Jalan Depok - Punukan', 'CV. BINTANG HUTAMA', 'Rp 1.296.000.000,00'),
(132, 107, 2011, 'Peningkatan Jalan Suruh - Kebonagung', 'CV. BANGUN MITRA', 'Rp 326.207.000,00'),
(133, 108, 2012, 'Pemeliharaan Berkala Jalan Kebonagung - Gedong', 'CV. KURNIA WIJAYA', 'Rp 446.000.000,00'),
(134, 108, 2014, 'Pemeliharaan Berkala Jalan Kebonagung - Gedong', 'CV. BINTANG HUTAMA', 'Rp 1.239.000.000,00'),
(135, 111, 2011, 'Peningkatan Jalan Malanggaten - Buntar', 'CV. DUTA KALINGGA', 'Rp 413.368.000,00'),
(136, 111, 2013, 'Peningkatan Jalan Malanggaten - Buntar', '	CV FAJAR MULIA', 'Rp 375.600.000,00'),
(137, 111, 2014, 'Pemeliharaan Berkala Jalan Malanggaten - Buntar', 'LEGRA SEJAHTERA. CV', 'Rp 969.761.000,00'),
(138, 111, 2014, 'Peningkatan Jalan Malanggaten - Buntar Tahap 2', 'CV. Cakra Kembang', 'Rp 820.500.000,00'),
(139, 111, 2015, 'Pemeliharaan Berkala Jalan Malanggaten - Buntar', 'CV Iwan Pratama', 'Rp 284.294.000,00'),
(140, 112, 2016, 'Peningkatan Jalan Nangsri - Kaling', 'CV. TARUNA MADYO KROMO', 'Rp 2.418.252.000,00'),
(141, 113, 2014, 'Pemeliharaan Berkala Jalan Jagatan - Alastuwo', 'CV. SURYA GRAHA UTAMA', 'Rp 431.627.000,00'),
(142, 115, 2014, 'Pemeliharaan Berkala Jalan Bendungan - Jenggrik', 'CV. DUTA KENCANA JAYA', 'Rp 1.800.858.000,00'),
(143, 115, 2016, 'Pemeliharaan Berkala Jalan Bendungan - Jenggrik', 'CV. Sekar Indo Pratama', 'Rp 1.059.332.000,00'),
(144, 116, 2016, 'Peningkatan Jalan Kedungjeruk - Buntar', 'PT Satrio Pinunggul Jaya', 'Rp 2.678.434.000,00'),
(145, 116, 2016, 'Peningkatan Jalan dan Jembatan Kedungjeruk - Buntar', 'PT Satrio Pinunggul Jaya', 'Rp 2.706.604.500,00'),
(146, 117, 2011, 'Pemeliharaan Berkala Jalan Sringin - Tunggulrejo', 'CV. SAPTIA KARYA', 'Rp 261.712.000,00'),
(147, 117, 2013, 'Pemeliharaan Berkala Jalan Sringin - Tunggulrejo', 'CV. BONAFIDE ABADI', 'Rp 675.200.000,00'),
(148, 118, 2011, 'Pemeliharaan Berkala Jalan Jumapolo - Losari', 'CV. BANGUN MITRA', 'Rp 225.764.000,00'),
(149, 118, 2014, 'Peningkatan Jalan Jumapolo - Losari', 'CV. BELAYUDA', 'Rp 1.066.270.000,00'),
(150, 118, 2015, 'Peningkatan Jalan Jumapolo - Losari', 'CV. DARMO PUTRO', 'Rp 995.635.000,00'),
(151, 118, 2015, 'Peningkatan Jalan Jumapolo - Losari', 'CV. TRUKO RAHAYU', 'Rp 1.096.194.000,00'),
(153, 120, 2011, 'Peningkatan Jalan Wates - Karangsari', 'CV. Cakra Kembang', 'Rp 511.590.000,00'),
(154, 120, 2014, 'Peningkatan Jalan Wates - Karangsari', 'CV.WAHYU MANUNGGAL', 'Rp 1.440.626.000,00'),
(155, 121, 2012, 'Pemeliharaan Berkala Jalan Jumapolo - Tlobosempon', 'CV.SANJAYA', 'Rp 484.595.000,00'),
(156, 121, 2014, 'Peningkatan Jalan Jumapolo - Tlobosempon', 'ERMA', 'Rp 2.479.455.000,00'),
(157, 122, 2016, 'Peningkatan Jalan Ngemplak - Tunggulrejo', 'CV.SANJAYA', 'Rp 1.226.065.000,00'),
(158, 123, 2016, 'Peningkatan Jalan Nanti - Jatikuwung', 'PT. PRAJA GHUPTA', 'Rp 3.618.580.000,00'),
(159, 124, 2014, 'Pemeliharaan Berkala Jalan Mungsari - Jatiwarno', 'CV.MISRAN JAYA', 'Rp 571.200.000,00'),
(160, 125, 2013, 'Peningkatan Jalan Wonorejo - Plesungan', 'CV. MARTINA WIJAYA', 'Rp 379.002.000,00'),
(161, 125, 2014, 'Peningkatan Jalan Wonorejo - Plesungan', 'CV. PALUR INDAH', 'Rp 1.063.463.000,00'),
(162, 125, 2015, 'Peningkatan Jalan Wonorejo - Plesungan Tahap 2', 'LEGRA SEJAHTERA. CV', 'Rp 1.457.925.000,00'),
(163, 127, 2013, 'Peningkatan Jalan Kalijirak - Gunungwatu', 'CV. SATRIA UTAMA', '	Rp 376.500.000,00'),
(164, 129, 2015, 'Peningkatan Jalan Kerjo - Tawangsari', 'PT. CANDI UNGGUL PERKASA', 'Rp 4.907.103.000,00'),
(165, 130, 2011, 'Pemeliharaan Berkala Jalan Lingkar Palur', 'CV. BONAFIDE ABADI', 'Rp 190.018.000,00'),
(166, 130, 2014, 'Peningkatan Jalan Lingkar Palur', 'CV. MARTINA WIJAYA', 'Rp 1.162.474.000,00'),
(167, 131, 2011, 'Pemeliharaan Berkala Jalan Wonorejo - Jatikuwung', 'CV.HERAWATI', 'Rp 408.569.000,00'),
(168, 131, 2015, 'Peningkatan Jalan Wonorejo - Jatikuwung', 'CV. Putra Cakra Bersaudara', 'Rp 1.287.609.000,00'),
(169, 133, 2012, 'Pemeliharaan Berkala Jalan Bendungan - Banjarharjo', 'CV. PUTRADA PERKASA', 'Rp 385.700.000,00'),
(170, 133, 2013, 'Peningkatan Jalan Bendungan - Banjarharjo', 'CV. MARTINA WIJAYA', 'Rp 376.660.000,00'),
(171, 133, 2016, 'Peningkatan Jalan Bendungan - Banjarharjo', 'CV. SAKA TUNGGAL', 'Rp 805.020.000,00'),
(172, 134, 2012, 'Peningkatan Jalan Jatisawit - Jatipurwo', 'CV UNGGUL SEJATI', 'Rp 561.324.000,00'),
(173, 134, 2014, 'Pemeliharaan Berkala Jalan Jatisawit - Jatipurwo', 'cv. rejekining abadi', 'Rp 628.900.000,00'),
(174, 137, 2014, 'Pemeliharaan Berkala Jalan Lasem - Ngepungsari', 'CV. SAKA TUNGGAL', 'Rp 674.818.000,00'),
(175, 139, 2013, 'Pemeliharaan Berkala Jalan Jatiroyo - Jatiyoso', 'CV. Telaga Pandan', 'Rp 282.110.000,00'),
(176, 139, 2015, 'Peningkatan Jalan Jatiroyo - Jatiyoso', 'CV GANEFO', 'Rp 994.719.000,00'),
(177, 140, 2014, 'Pemeliharaan Berkala Jalan Sanggir - Gajahan', 'CV. DUTA KENCANA JAYA', 'Rp 576.000.000,00'),
(178, 141, 2012, 'Pemeliharaan Berkala Jalan Malanggaten - Plalar', 'CV FAJAR MULIA', 'Rp 477.314.000,00'),
(179, 141, 2014, 'Pemeliharaan Berkala Jalan Malanggaten - Plalar', 'CV EKO PUTRO', 'Rp 513.918.000,00'),
(180, 141, 2014, 'Pemeliharaan Berkala Jalan Malanggaten - Plalar Tahap 2', 'CV. BINTANG HUTAMA', 'Rp 1.116.000.000,00'),
(181, 142, 2012, 'Pemeliharaan Berkala Jalan Waru - Kedung Ringin', 'CV. PURI HANDAYANI', 'Rp 1.129.840.000,00'),
(182, 144, 2014, 'Pemeliharaan Berkala Jalan Nglebak - Jambangan', 'JALU TEHNIK.CV', 'Rp 576.302.000,00'),
(183, 145, 2011, 'Peningkatan Jalan Plesungan - Kragan', 'CV KARANGJATI', 'Rp 611.403.000,00'),
(184, 145, 2012, 'Pemeliharaan Berkala Jalan Plesungan - Kragan', 'cv. rejekining abadi', 'Rp 895.250.000,00'),
(185, 146, 2015, 'Peningkatan Jalan Geneng - Wonolopo Kecamatan Tasikmadu', 'CV. DEWI FORTUNA', 'Rp 642.008.000,00'),
(186, 147, 2016, 'Peningkatan Jalan Botok - Sumberrejo', 'cv. as-sakha', 'Rp 801.681.000,00'),
(187, 148, 2014, 'Pemeliharaan Berkala Jalan Pendem - Mranggen', 'margomulyo', 'Rp 494.100.000,00'),
(188, 148, 2014, 'Peningkatan Jalan Pendem - Mranggen Tahap 2', 'CV. BINTANG HUTAMA', 'Rp 473.500.000,00'),
(189, 149, 2015, 'Peningkatan Jalan Karang - Dersono', 'JALU TEHNIK.CV', 'Rp 479.320.000,00'),
(190, 149, 2016, 'Peningkatan Jalan Karang - Dersono', 'CV. NUSA INDAH', 'Rp 1.217.400.000,00'),
(191, 150, 2011, 'Pemeliharaan Berkala Jalan Seloromo - Balong', 'CV.SANJAYA', 'Rp 494.348.000,00'),
(192, 150, 2016, 'Peningkatan Jalan Seloromo - Balong', 'CV.WAHYU MANUNGGAL', 'Rp 1.434.791.000,00'),
(193, 151, 2011, 'Peningkatan Jalan Trengguli - Lempong', 'CV. BANGUN KARYA', 'Rp 738.724.000,00'),
(194, 152, 2012, 'Pemeliharaan Berkala Jalan Balong - Lempong', 'LEGRA SEJAHTERA. CV', 'Rp 262.842.000,00'),
(195, 153, 2016, 'Peningkatan Jalan Karangrejo - Plosorejo', 'cv. rejekining abadi', 'Rp 1.586.096.000,00'),
(196, 156, 2016, 'Pemeliharaan Berkala Jalan Pundak - Karangduren', 'LEGRA SEJAHTERA. CV', 'Rp 828.859.000,00'),
(197, 157, 2015, 'Peningkatan Jalan Delingan - Jrakah', 'CV. SARANA MULYA', 'Rp 384.020.000,00'),
(198, 159, 2012, 'Pemeliharaan Berkala Jalan Sumberejo - Kedawung', 'cv. rejekining abadi', 'Rp 236.228.000,00'),
(199, 162, 2015, 'Peningkatan Jalan Jumok - Jongkang', 'CV.WAHYU ADI', 'Rp 1.373.749.000,00'),
(200, 165, 2011, 'Pemeliharaan Berkala Jalan Tawangmangu-Tegalsari', 'CV. MARTINA WIJAYA', 'Rp 200.639.000,00'),
(201, 167, 2011, 'Peningkatan Jalan Wonorejo - Dayu', 'CV. SUTRO MANUNGGAL KARYO', 'Rp 424.680.000,00'),
(202, 167, 2014, 'Peningkatan Jalan Wonorejo - Dayu', 'ERMA', 'Rp 1.942.880.000,00'),
(203, 167, 2014, 'Peningkatan Jalan Wonorejo - Dayu Tahap 2', 'CV. MARTINA WIJAYA', 'Rp 1.253.625.000,00'),
(204, 167, 2015, 'Peningkatan Jalan Wonorejo - Dayu', 'cv.ristu mulya', 'Rp 774.113.000,00'),
(205, 168, 2015, 'Pemeliharaan Berkala Jalan Ngepos-Jrakah', 'CV N0Y0 R0N0', 'Rp 839.400.000,00'),
(206, 169, 2012, 'Pemeliharaan Berkala Jalan Mojogedang - Gondangmanis', 'CV. Sekar Indo Pratama', 'Rp 892.858.000,00'),
(210, 171, 2015, 'Peningkatan Jalan Geneng - Wonolopo', 'CV. DEWI FORTUNA', 'Rp 642.008.000,00'),
(211, 177, 2014, 'Pemeliharaan Berkala Jalan Gatot Subroto', 'CV. SAPTIA KARYA', 'Rp 1.258.627.000,00'),
(212, 179, 2014, 'Peningkatan Jalan Kapten Mulyadi', 'PT. CANDI UNGGUL PERKASA', 'Rp 2.907.425.000,00'),
(213, 179, 2015, 'Rehabilitasi Jalan Lawu, Jalan Nyi Ageng Karang, Jalan Kapten Mulyadi', 'PERISAI BANGSA. CV', 'Rp 486.753.000,00'),
(214, 180, 2014, 'Pemeliharaan Berkala Jalan S.Parman', 'CV. Tunjung Permono', 'Rp 666.638.000,00'),
(215, 181, 2015, 'Pemeliharaan Berkala Jalan Laksamana Yos Sudarso', 'PT. KARUNIA MEKAR SEJATI', 'Rp 427.368.000,00'),
(216, 182, 2011, 'Peningkatan Jalan Jenderal Sudirman', 'CV.SANJAYA', 'Rp 510.740.000,00'),
(217, 182, 2012, 'Pemeliharaan Berkala Jalan Jendral Sudirman', 'CV.WAHYU ADI', 'Rp 592.184.000,00'),
(218, 182, 2013, 'Peningkatan Jalan Jenderal Sudirman', 'SETIA MULYA, CV', 'Rp 1.844.980.000,00'),
(219, 182, 2014, 'Peningkatan Jalan Jenderal Sudirman', 'SETIA MULYA, CV', 'Rp 1.499.772.000,00'),
(220, 185, 2015, 'Pemeliharaan Berkala Jalan Basuki Rahmat', 'CV KARANGJATI', 'Rp 1.659.432.000,00'),
(221, 187, 2015, 'Pemeliharaan Berkala Jalan Kapten P. Tendean', 'cv cahaya utama', 'Rp 593.824.000,00'),
(222, 217, 2015, 'Peningkatan Jalan Samanhudi ', 'CV. BERLIAN SUTOSETIKO', 'Rp 327.237.000,00'),
(223, 223, 2016, 'Peningkatan Jalan Dr. Rajiman', 'LEGRA SEJAHTERA. CV', 'Rp 1.452.281.000,00'),
(224, 248, 2015, 'Peningkatan Jalan Mataram', 'cv cahaya utama', 'Rp 723.641.000,00'),
(225, 249, 2015, 'Peningkatan Jalan Majapahit', 'CV. SAKA TUNGGAL', 'Rp 460.197.000,00'),
(226, 258, 2015, 'Rehabilitasi Jalan Lawu, Jalan Nyi Ageng Karang, Jalan Kapten Mulyadi', 'PERISAI BANGSA. CV', 'Rp 486.753.000,00'),
(227, 302, 2014, 'Pemeliharaan Berkala Jalan Ki Ageng Atas Angin', 'DIAN DEWI, CV', 'Rp 428.667.000,00'),
(228, 309, 2011, 'Pemeliharaan Berkala Jalan Kanguru', 'cv. mercu buana', 'Rp 172.575.000,00'),
(229, 315, 2014, 'Peningkatan Jalan Ronggowarsito', 'JALU TEHNIK.CV', 'Rp 283.500.000,00'),
(230, 319, 2014, 'Peningkatan Jalan Kyai Mojo', 'CV. KARYA PUTRA MULIYA', 'Rp 382.065.000,00'),
(231, 370, 2015, 'Peningkatan Jalan Dr. Suharso', 'jajarbuanaperkasa', 'Rp 501.252.000,00'),
(232, 386, 2015, 'Pemeliharaan Berkala Jalan Letjen Suprapto', 'CV. TRUKO RAHAYU', 'Rp 550.245.000,00'),
(248, 152, 2018, 'Pemeliharaan Berkala', 'CV Maju Terus', 'Rp 200.000.000,00'),
(249, 248, 2018, 'Pemeliharaan Berkala', 'CV Maju Terus', 'Rp 200.000.000,00');

-- --------------------------------------------------------

--
-- Struktur dari tabel `jln_tipeadmin`
--

CREATE TABLE `jln_tipeadmin` (
  `aid` int(2) NOT NULL,
  `nama` varchar(20) DEFAULT NULL,
  `kode` varchar(2) DEFAULT NULL
) ENGINE=InnoDB DEFAULT CHARSET=utf8;

--
-- Dumping data untuk tabel `jln_tipeadmin`
--

INSERT INTO `jln_tipeadmin` (`aid`, `nama`, `kode`) VALUES
(1, 'Kabupaten', 'K'),
(2, 'Desa', 'D'),
(3, 'Perkebunan', 'P'),
(4, 'Hutan', 'H'),
(5, 'Transmigrasi', 'T'),
(6, 'Irigasi', 'A'),
(7, 'Propinsi', 'JP'),
(8, 'Nasional', 'JN');

-- --------------------------------------------------------

--
-- Struktur dari tabel `jln_tipeakses`
--

CREATE TABLE `jln_tipeakses` (
  `aid` int(2) NOT NULL,
  `nama` varchar(20) DEFAULT NULL,
  `kode` varchar(2) DEFAULT NULL
) ENGINE=InnoDB DEFAULT CHARSET=utf8;

--
-- Dumping data untuk tabel `jln_tipeakses`
--

INSERT INTO `jln_tipeakses` (`aid`, `nama`, `kode`) VALUES
(1, NULL, 'N'),
(2, NULL, 'P'),
(3, NULL, 'K');

-- --------------------------------------------------------

--
-- Struktur dari tabel `jln_tipefungsi`
--

CREATE TABLE `jln_tipefungsi` (
  `fid` int(2) NOT NULL,
  `nama` varchar(50) DEFAULT NULL,
  `kode` varchar(5) DEFAULT NULL
) ENGINE=InnoDB DEFAULT CHARSET=utf8;

--
-- Dumping data untuk tabel `jln_tipefungsi`
--

INSERT INTO `jln_tipefungsi` (`fid`, `nama`, `kode`) VALUES
(1, 'Angkutan Hasil Pertanian dan Industri', 'AHPI'),
(2, 'Angkutan Penumpang Pedesaan', 'APP'),
(3, 'Angkutan Barang Galian Golongan C', 'GOLC'),
(4, 'Kabupaten Kecamatan', 'KABC'),
(5, 'Pariwisata', 'PAR'),
(6, 'Transmigrasi', 'TRAN'),
(7, 'Perkebunan Inti Rakyat', 'PIR'),
(8, 'Ekspor Non Migas', 'NMG'),
(9, 'Pelayanan Umum', 'LU'),
(10, 'Jaringan Jalan Strategis', 'JJS'),
(11, 'Jalan Irigasi', 'JI'),
(12, 'Jalan Kota', 'KOTA'),
(13, 'Jalan Pengusahaan Hutan', 'UH');

-- --------------------------------------------------------

--
-- Struktur dari tabel `jln_tipehambatan`
--

CREATE TABLE `jln_tipehambatan` (
  `hid` int(2) NOT NULL,
  `nama` varchar(50) DEFAULT NULL,
  `kode` varchar(20) DEFAULT NULL
) ENGINE=InnoDB DEFAULT CHARSET=utf8;

--
-- Dumping data untuk tabel `jln_tipehambatan`
--

INSERT INTO `jln_tipehambatan` (`hid`, `nama`, `kode`) VALUES
(1, 'Terbuka untuk kendaraan roda 4 sepanjang tahun', 'TB'),
(2, 'Tertutup untuk kendaraan roda 4 pada musim hujan', 'TMH'),
(3, 'Tertutup untuk kendaraan roda 4 sepanjang tahun', 'TST');

-- --------------------------------------------------------

--
-- Struktur dari tabel `jln_tipejalan`
--

CREATE TABLE `jln_tipejalan` (
  `tid` int(2) NOT NULL,
  `nama` varchar(20) DEFAULT NULL,
  `kode` varchar(2) DEFAULT NULL
) ENGINE=InnoDB DEFAULT CHARSET=utf8;

--
-- Dumping data untuk tabel `jln_tipejalan`
--

INSERT INTO `jln_tipejalan` (`tid`, `nama`, `kode`) VALUES
(1, 'Aspal', 'A'),
(2, 'Kerikil', 'K'),
(3, 'Batu', 'B'),
(4, 'Tanah', 'T'),
(5, 'Beton', 'C');

-- --------------------------------------------------------

--
-- Struktur dari tabel `jln_tipekondisi`
--

CREATE TABLE `jln_tipekondisi` (
  `kid` int(2) NOT NULL,
  `nama` varchar(20) DEFAULT NULL,
  `kode` varchar(4) DEFAULT NULL
) ENGINE=InnoDB DEFAULT CHARSET=utf8;

--
-- Dumping data untuk tabel `jln_tipekondisi`
--

INSERT INTO `jln_tipekondisi` (`kid`, `nama`, `kode`) VALUES
(1, 'Baik', 'B'),
(2, 'Sedang', 'S'),
(3, 'Sedang/ Rusak', 'SR'),
(4, 'Rusak', 'R'),
(5, 'Rusak Berat', 'RB');

-- --------------------------------------------------------

--
-- Struktur dari tabel `laporan`
--

CREATE TABLE `laporan` (
  `lapid` int(20) NOT NULL,
  `jid` int(15) NOT NULL,
  `tanggal` varchar(50) NOT NULL,
  `nama` varchar(50) NOT NULL,
  `no_hp` int(15) NOT NULL,
  `titik` varchar(50) NOT NULL,
  `aduan` varchar(500) NOT NULL,
  `foto` varchar(50) DEFAULT NULL,
  `status` varchar(15) NOT NULL
) ENGINE=InnoDB DEFAULT CHARSET=utf8;

--
-- Dumping data untuk tabel `laporan`
--

INSERT INTO `laporan` (`lapid`, `jid`, `tanggal`, `nama`, `no_hp`, `titik`, `aduan`, `foto`, `status`) VALUES
(10, 16, '27 Feb 2019, 21:29', 'Laras', 2147483647, '(-7.565658014861391, 110.92508621298987)', 'Terdapat jalan yang berlubang di beberapa titik.', '4f07deffc0bb3d3f4eac5c4e1b3bb99a.jpg', 'active'),
(11, 4, '27 Feb 2019, 21:33', 'Abdur', 2147483647, '(-7.530291897989113, 110.75508443133288)', 'Jalanan dilewati truk-truk besar sehingga jalanan mudah sekali berlubang.', NULL, 'active');

-- --------------------------------------------------------

--
-- Struktur dari tabel `laporan_balas`
--

CREATE TABLE `laporan_balas` (
  `idbalas` int(15) NOT NULL,
  `lapid` int(15) NOT NULL,
  `id_user` int(15) NOT NULL,
  `balasan` varchar(500) NOT NULL
) ENGINE=InnoDB DEFAULT CHARSET=utf8;

-- --------------------------------------------------------

--
-- Struktur dari tabel `user_account`
--

CREATE TABLE `user_account` (
  `id_user` int(10) NOT NULL,
  `nama_user` varchar(225) NOT NULL,
  `username` varchar(225) NOT NULL,
  `password` varchar(225) NOT NULL
) ENGINE=InnoDB DEFAULT CHARSET=latin1;

--
-- Dumping data untuk tabel `user_account`
--

INSERT INTO `user_account` (`id_user`, `nama_user`, `username`, `password`) VALUES
(1, 'Administrator', 'admin', '0192023a7bbd73250516f069df18b500'),
(2, 'Laras', 'laras', 'cc5a9fb4b1b93629e9aa413b8bf00fe9');

--
-- Indexes for dumped tables
--

--
-- Indexes for table `inf_desa`
--
ALTER TABLE `inf_desa`
  ADD PRIMARY KEY (`did`),
  ADD UNIQUE KEY `did` (`did`);

--
-- Indexes for table `inf_kecamatan`
--
ALTER TABLE `inf_kecamatan`
  ADD PRIMARY KEY (`kid`),
  ADD UNIQUE KEY `kid` (`kid`);

--
-- Indexes for table `inf_penduduk`
--
ALTER TABLE `inf_penduduk`
  ADD PRIMARY KEY (`pid`),
  ADD UNIQUE KEY `pid` (`pid`);

--
-- Indexes for table `jln_foto`
--
ALTER TABLE `jln_foto`
  ADD PRIMARY KEY (`fid`),
  ADD UNIQUE KEY `fid` (`fid`);

--
-- Indexes for table `jln_fungsi`
--
ALTER TABLE `jln_fungsi`
  ADD PRIMARY KEY (`rid`),
  ADD UNIQUE KEY `fid` (`rid`);

--
-- Indexes for table `jln_jalan`
--
ALTER TABLE `jln_jalan`
  ADD PRIMARY KEY (`jid`),
  ADD UNIQUE KEY `jid` (`jid`),
  ADD KEY `panjang` (`panjang`);

--
-- Indexes for table `jln_jalannilai`
--
ALTER TABLE `jln_jalannilai`
  ADD PRIMARY KEY (`nid`),
  ADD UNIQUE KEY `jid` (`nid`);

--
-- Indexes for table `jln_kecamatan`
--
ALTER TABLE `jln_kecamatan`
  ADD PRIMARY KEY (`nid`),
  ADD UNIQUE KEY `nid` (`nid`);

--
-- Indexes for table `jln_pal`
--
ALTER TABLE `jln_pal`
  ADD PRIMARY KEY (`pid`),
  ADD UNIQUE KEY `pid` (`pid`);

--
-- Indexes for table `jln_riwayat`
--
ALTER TABLE `jln_riwayat`
  ADD PRIMARY KEY (`rid`),
  ADD UNIQUE KEY `rid` (`rid`);

--
-- Indexes for table `jln_tipeadmin`
--
ALTER TABLE `jln_tipeadmin`
  ADD PRIMARY KEY (`aid`),
  ADD UNIQUE KEY `aid` (`aid`);

--
-- Indexes for table `jln_tipeakses`
--
ALTER TABLE `jln_tipeakses`
  ADD PRIMARY KEY (`aid`),
  ADD UNIQUE KEY `aid` (`aid`);

--
-- Indexes for table `jln_tipefungsi`
--
ALTER TABLE `jln_tipefungsi`
  ADD PRIMARY KEY (`fid`),
  ADD UNIQUE KEY `fid` (`fid`);

--
-- Indexes for table `jln_tipehambatan`
--
ALTER TABLE `jln_tipehambatan`
  ADD PRIMARY KEY (`hid`),
  ADD UNIQUE KEY `hid` (`hid`);

--
-- Indexes for table `jln_tipejalan`
--
ALTER TABLE `jln_tipejalan`
  ADD PRIMARY KEY (`tid`),
  ADD UNIQUE KEY `aid` (`tid`);

--
-- Indexes for table `jln_tipekondisi`
--
ALTER TABLE `jln_tipekondisi`
  ADD PRIMARY KEY (`kid`),
  ADD UNIQUE KEY `kid` (`kid`);

--
-- Indexes for table `laporan`
--
ALTER TABLE `laporan`
  ADD PRIMARY KEY (`lapid`);

--
-- Indexes for table `laporan_balas`
--
ALTER TABLE `laporan_balas`
  ADD PRIMARY KEY (`idbalas`);

--
-- Indexes for table `user_account`
--
ALTER TABLE `user_account`
  ADD PRIMARY KEY (`id_user`);

--
-- AUTO_INCREMENT for dumped tables
--

--
-- AUTO_INCREMENT for table `inf_desa`
--
ALTER TABLE `inf_desa`
  MODIFY `did` int(2) NOT NULL AUTO_INCREMENT, AUTO_INCREMENT=179;

--
-- AUTO_INCREMENT for table `inf_kecamatan`
--
ALTER TABLE `inf_kecamatan`
  MODIFY `kid` smallint(2) NOT NULL AUTO_INCREMENT, AUTO_INCREMENT=18;

--
-- AUTO_INCREMENT for table `inf_penduduk`
--
ALTER TABLE `inf_penduduk`
  MODIFY `pid` int(11) NOT NULL AUTO_INCREMENT, AUTO_INCREMENT=18;

--
-- AUTO_INCREMENT for table `jln_foto`
--
ALTER TABLE `jln_foto`
  MODIFY `fid` int(11) NOT NULL AUTO_INCREMENT, AUTO_INCREMENT=465;

--
-- AUTO_INCREMENT for table `jln_fungsi`
--
ALTER TABLE `jln_fungsi`
  MODIFY `rid` int(11) NOT NULL AUTO_INCREMENT, AUTO_INCREMENT=388;

--
-- AUTO_INCREMENT for table `jln_jalan`
--
ALTER TABLE `jln_jalan`
  MODIFY `jid` int(11) NOT NULL AUTO_INCREMENT, AUTO_INCREMENT=388;

--
-- AUTO_INCREMENT for table `jln_jalannilai`
--
ALTER TABLE `jln_jalannilai`
  MODIFY `nid` int(11) NOT NULL AUTO_INCREMENT, AUTO_INCREMENT=775;

--
-- AUTO_INCREMENT for table `jln_kecamatan`
--
ALTER TABLE `jln_kecamatan`
  MODIFY `nid` int(11) NOT NULL AUTO_INCREMENT, AUTO_INCREMENT=411;

--
-- AUTO_INCREMENT for table `jln_pal`
--
ALTER TABLE `jln_pal`
  MODIFY `pid` int(5) NOT NULL AUTO_INCREMENT, AUTO_INCREMENT=408;

--
-- AUTO_INCREMENT for table `jln_riwayat`
--
ALTER TABLE `jln_riwayat`
  MODIFY `rid` int(11) NOT NULL AUTO_INCREMENT, AUTO_INCREMENT=250;

--
-- AUTO_INCREMENT for table `jln_tipeadmin`
--
ALTER TABLE `jln_tipeadmin`
  MODIFY `aid` int(2) NOT NULL AUTO_INCREMENT, AUTO_INCREMENT=9;

--
-- AUTO_INCREMENT for table `jln_tipeakses`
--
ALTER TABLE `jln_tipeakses`
  MODIFY `aid` int(2) NOT NULL AUTO_INCREMENT, AUTO_INCREMENT=4;

--
-- AUTO_INCREMENT for table `jln_tipefungsi`
--
ALTER TABLE `jln_tipefungsi`
  MODIFY `fid` int(2) NOT NULL AUTO_INCREMENT, AUTO_INCREMENT=14;

--
-- AUTO_INCREMENT for table `jln_tipehambatan`
--
ALTER TABLE `jln_tipehambatan`
  MODIFY `hid` int(2) NOT NULL AUTO_INCREMENT, AUTO_INCREMENT=4;

--
-- AUTO_INCREMENT for table `jln_tipejalan`
--
ALTER TABLE `jln_tipejalan`
  MODIFY `tid` int(2) NOT NULL AUTO_INCREMENT, AUTO_INCREMENT=6;

--
-- AUTO_INCREMENT for table `jln_tipekondisi`
--
ALTER TABLE `jln_tipekondisi`
  MODIFY `kid` int(2) NOT NULL AUTO_INCREMENT, AUTO_INCREMENT=6;

--
-- AUTO_INCREMENT for table `laporan`
--
ALTER TABLE `laporan`
  MODIFY `lapid` int(20) NOT NULL AUTO_INCREMENT, AUTO_INCREMENT=12;

--
-- AUTO_INCREMENT for table `laporan_balas`
--
ALTER TABLE `laporan_balas`
  MODIFY `idbalas` int(15) NOT NULL AUTO_INCREMENT, AUTO_INCREMENT=5;

--
-- AUTO_INCREMENT for table `user_account`
--
ALTER TABLE `user_account`
  MODIFY `id_user` int(10) NOT NULL AUTO_INCREMENT, AUTO_INCREMENT=3;
COMMIT;

/*!40101 SET CHARACTER_SET_CLIENT=@OLD_CHARACTER_SET_CLIENT */;
/*!40101 SET CHARACTER_SET_RESULTS=@OLD_CHARACTER_SET_RESULTS */;
/*!40101 SET COLLATION_CONNECTION=@OLD_COLLATION_CONNECTION */;
